https://tabs.ultimate-guitar.com/tab/weird-al-yankovic/party-in-the-cia-chords-1982793,Comedy,2010
https://tabs.ultimate-guitar.com/tab/weird-al-yankovic/word-crimes-chords-2522532,Comedy,2010
https://tabs.ultimate-guitar.com/tab/weird-al-yankovic/cnr-chords-2329163,Comedy,2010
https://tabs.ultimate-guitar.com/tab/weird-al-yankovic/tmz-chords-1067253,Comedy,2010
https://tabs.ultimate-guitar.com/tab/weird-al-yankovic/skipper-dan-chords-849074,Comedy,2010
https://tabs.ultimate-guitar.com/tab/weird-al-yankovic/skipper-dan-chords-1169994,Comedy,2010
https://tabs.ultimate-guitar.com/tab/weird-al-yankovic/if-that-isnt-love-chords-2299371,Comedy,2010
https://tabs.ultimate-guitar.com/tab/weird-al-yankovic/stop-forwarding-that-crap-to-me-chords-1108818,Comedy,2010
https://tabs.ultimate-guitar.com/tab/weird-al-yankovic/foil-chords-1508351,Comedy,2010
https://tabs.ultimate-guitar.com/tab/weird-al-yankovic/foil-chords-1762468,Comedy,2010
https://tabs.ultimate-guitar.com/tab/weird-al-yankovic/mission-statement-chords-1986731,Comedy,2010
https://tabs.ultimate-guitar.com/tab/weird-al-yankovic/jackson-park-express-chords-1506452,Comedy,2010
https://tabs.ultimate-guitar.com/tab/jon-lajoie/everyday-normal-guy-2-chords-952332,Comedy,2000
https://tabs.ultimate-guitar.com/tab/flight-of-the-conchords/business-time-chords-1407655,Comedy,2000
https://tabs.ultimate-guitar.com/tab/jon-lajoie/2-girls-1-cup-song-chords-760292,Comedy,2000
https://tabs.ultimate-guitar.com/tab/jon-lajoie/too-fast-chords-765796,Comedy,2000
https://tabs.ultimate-guitar.com/tab/jon-lajoie/high-as-fuck-chords-838908,Comedy,2000
https://tabs.ultimate-guitar.com/tab/jon-lajoie/2-girls-1-cup-song-chords-676911,Comedy,2000
https://tabs.ultimate-guitar.com/tab/flight-of-the-conchords/hiphopopotamus-vs-rhymenoceros-chords-805643,Comedy,2000
https://tabs.ultimate-guitar.com/tab/weird-al-yankovic/hardware-store-chords-1900668,Comedy,2000
https://tabs.ultimate-guitar.com/tab/flight-of-the-conchords/a-kiss-is-not-a-contract-chords-704874,Comedy,2000
https://tabs.ultimate-guitar.com/tab/weird-al-yankovic/dont-download-this-song-chords-451125,Comedy,2000
https://tabs.ultimate-guitar.com/tab/weird-al-yankovic/a-complicated-song-chords-190601,Comedy,2000
https://tabs.ultimate-guitar.com/tab/flight-of-the-conchords/leggy-blonde-chords-557827,Comedy,2000
https://tabs.ultimate-guitar.com/tab/weird-al-yankovic/ebay-chords-823699,Comedy,2000
https://tabs.ultimate-guitar.com/tab/weird-al-yankovic/canadian-idiot-chords-425373,Comedy,2000
https://tabs.ultimate-guitar.com/tab/weird-al-yankovic/close-but-no-cigar-chords-1491679,Comedy,2000
https://tabs.ultimate-guitar.com/tab/weird-al-yankovic/do-i-creep-you-out-chords-425348,Comedy,2000
https://tabs.ultimate-guitar.com/tab/weird-al-yankovic/why-does-this-always-happen-to-me-chords-367210,Comedy,2000
https://tabs.ultimate-guitar.com/tab/flight-of-the-conchords/inner-city-pressure-chords-644783,Comedy,2000
https://tabs.ultimate-guitar.com/tab/flight-of-the-conchords/ladies-of-the-world-chords-711109,Comedy,2000
https://tabs.ultimate-guitar.com/tab/flight-of-the-conchords/bowie-chords-752402,Comedy,2000
https://tabs.ultimate-guitar.com/tab/flight-of-the-conchords/leggy-blonde-chords-2990249,Comedy,2000
https://tabs.ultimate-guitar.com/tab/jon-lajoie/too-fast-chords-776538,Comedy,2000
https://tabs.ultimate-guitar.com/tab/jon-lajoie/too-fast-chords-957594,Comedy,2000
https://tabs.ultimate-guitar.com/tab/flight-of-the-conchords/robots-chords-929205,Comedy,2000
https://tabs.ultimate-guitar.com/tab/weird-al-yankovic/pancreas-chords-468334,Comedy,2000
https://tabs.ultimate-guitar.com/tab/weird-al-yankovic/virus-alert-chords-929126,Comedy,2000
https://tabs.ultimate-guitar.com/tab/weird-al-yankovic/dont-download-this-song-chords-869863,Comedy,2000
https://tabs.ultimate-guitar.com/tab/weird-al-yankovic/dont-download-this-song-chords-1504547,Comedy,2000
https://tabs.ultimate-guitar.com/tab/weird-al-yankovic/a-complicated-song-chords-1196106,Comedy,2000
https://tabs.ultimate-guitar.com/tab/weird-al-yankovic/a-complicated-song-chords-1199101,Comedy,2000
https://tabs.ultimate-guitar.com/tab/weird-al-yankovic/why-does-this-always-happen-to-me-chords-1864552,Comedy,2000
https://tabs.ultimate-guitar.com/tab/weird-al-yankovic/ode-to-a-superhero-chords-366980,Comedy,2000
https://tabs.ultimate-guitar.com/tab/weird-al-yankovic/bob-chords-266628,Comedy,2000
https://tabs.ultimate-guitar.com/tab/weird-al-yankovic/genius-in-france-chords-1506451,Comedy,2000
https://tabs.ultimate-guitar.com/tab/flight-of-the-conchords/ladies-of-the-world-chords-765835,Comedy,2000
https://tabs.ultimate-guitar.com/tab/flight-of-the-conchords/ladies-of-the-world-chords-788507,Comedy,2000
https://tabs.ultimate-guitar.com/tab/flight-of-the-conchords/ladies-of-the-world-chords-993111,Comedy,2000
https://tabs.ultimate-guitar.com/tab/flight-of-the-conchords/business-time-chords-753000,Comedy,2000
https://tabs.ultimate-guitar.com/tab/jon-lajoie/pop-song-chords-1014359,Comedy,2000
https://tabs.ultimate-guitar.com/tab/jon-lajoie/pop-song-chords-1057463,Comedy,2000
https://tabs.ultimate-guitar.com/tab/jon-lajoie/song-for-britney-chords-777430,Comedy,2000
https://tabs.ultimate-guitar.com/tab/jon-lajoie/song-for-britney-chords-838909,Comedy,2000
https://tabs.ultimate-guitar.com/tab/jon-lajoie/song-for-britney-chords-1092635,Comedy,2000
https://tabs.ultimate-guitar.com/tab/jon-lajoie/stay-at-home-dad-chords-1799729,Comedy,2000
https://tabs.ultimate-guitar.com/tab/jon-lajoie/cold-blooded-christmas-chords-748340,Comedy,2000
https://tabs.ultimate-guitar.com/tab/jon-lajoie/2-girls-1-cup-song-chords-843121,Comedy,2000
https://tabs.ultimate-guitar.com/tab/weird-al-yankovic/you-dont-love-me-anymore-chords-88303,Comedy,1990
https://tabs.ultimate-guitar.com/tab/weird-al-yankovic/everything-you-know-is-wrong-chords-88292,Comedy,1990
https://tabs.ultimate-guitar.com/tab/weird-al-yankovic/my-babys-in-love-with-eddie-vedder-chords-2399723,Comedy,1990
https://tabs.ultimate-guitar.com/tab/weird-al-yankovic/your-horoscope-for-today-chords-955711,Comedy,1990
https://tabs.ultimate-guitar.com/tab/weird-al-yankovic/grapefruit-diet-chords-1510462,Comedy,1990
https://tabs.ultimate-guitar.com/tab/weird-al-yankovic/achy-breaky-song-chords-88294,Comedy,1990
https://tabs.ultimate-guitar.com/tab/weird-al-yankovic/you-dont-love-me-anymore-chords-144892,Comedy,1990
https://tabs.ultimate-guitar.com/tab/weird-al-yankovic/amish-paradise-chords-1701644,Comedy,1990
https://tabs.ultimate-guitar.com/tab/weird-al-yankovic/since-youve-been-gone-chords-88298,Comedy,1990
https://tabs.ultimate-guitar.com/tab/weird-al-yankovic/gump-chords-1874986,Comedy,1990
https://tabs.ultimate-guitar.com/tab/the-arrogant-worms/the-last-saskatchewan-pirate-chords-721529,Comedy,1990
https://tabs.ultimate-guitar.com/tab/weird-al-yankovic/everything-you-know-is-wrong-chords-1504762,Comedy,1990
https://tabs.ultimate-guitar.com/tab/weird-al-yankovic/jerry-springer-chords-1159742,Comedy,1990
https://tabs.ultimate-guitar.com/tab/weird-al-yankovic/your-horoscope-for-today-chords-1669169,Comedy,1990
https://tabs.ultimate-guitar.com/tab/weird-al-yankovic/truck-drivin-song-chords-938644,Comedy,1990
https://tabs.ultimate-guitar.com/tab/weird-al-yankovic/albuquerque-chords-88302,Comedy,1990
https://tabs.ultimate-guitar.com/tab/weird-al-yankovic/jurassic-park-chords-2609697,Comedy,1990
https://tabs.ultimate-guitar.com/tab/weird-al-yankovic/traffic-jam-chords-2404967,Comedy,1990
https://tabs.ultimate-guitar.com/tab/weird-al-yankovic/you-dont-love-me-anymore-chords-2828206,Comedy,1990
https://tabs.ultimate-guitar.com/tab/weird-al-yankovic/callin-in-sick-chords-88293,Comedy,1990
https://tabs.ultimate-guitar.com/tab/weird-al-yankovic/phony-calls-chords-1947799,Comedy,1990
https://tabs.ultimate-guitar.com/tab/weird-al-yankovic/the-night-santa-went-crazy-chords-209802,Comedy,1990
https://tabs.ultimate-guitar.com/tab/weird-al-yankovic/the-night-santa-went-crazy-chords-1900212,Comedy,1990
https://tabs.ultimate-guitar.com/tab/weird-al-yankovic/trigger-happy-chords-2462120,Comedy,1990
https://tabs.ultimate-guitar.com/tab/the-arrogant-worms/carrot-juice-is-murder-chords-652694,Comedy,1990
https://tabs.ultimate-guitar.com/tab/the-arrogant-worms/jesus-brother-bob-chords-513847,Comedy,1990
https://tabs.ultimate-guitar.com/tab/the-arrogant-worms/canadas-really-big-chords-1236549,Comedy,1990
https://tabs.ultimate-guitar.com/tab/the-arrogant-worms/the-last-saskatchewan-pirate-chords-1021504,Comedy,1990
https://tabs.ultimate-guitar.com/tab/weird-al-yankovic/franks-2000-inch-tv-chords-2690946,Comedy,1990
https://tabs.ultimate-guitar.com/tab/weird-al-yankovic/yoda-chords-88299,Comedy,1980
https://tabs.ultimate-guitar.com/tab/weird-al-yankovic/christmas-at-ground-zero-chords-2553645,Comedy,1980
https://tabs.ultimate-guitar.com/tab/weird-al-yankovic/george-of-the-jungle-chords-3026828,Comedy,1980
https://tabs.ultimate-guitar.com/tab/weird-al-yankovic/eat-it-chords-1763002,Comedy,1980
https://tabs.ultimate-guitar.com/tab/weird-al-yankovic/dare-to-be-stupid-chords-1730577,Comedy,1980
https://tabs.ultimate-guitar.com/tab/weird-al-yankovic/i-lost-on-jeopardy-chords-1983813,Comedy,1980
https://tabs.ultimate-guitar.com/tab/weird-al-yankovic/i-think-im-a-clone-now-chords-1967987,Comedy,1980
https://tabs.ultimate-guitar.com/tab/weird-al-yankovic/i-love-rocky-road-chords-2910533,Comedy,1980
https://tabs.ultimate-guitar.com/tab/weird-al-yankovic/my-bologna-chords-2212401,Comedy,1980
https://tabs.ultimate-guitar.com/tab/weird-al-yankovic/my-bologna-chords-2935886,Comedy,1980
https://tabs.ultimate-guitar.com/tab/weird-al-yankovic/another-one-rides-the-bus-chords-869828,Comedy,1980
https://tabs.ultimate-guitar.com/tab/weird-al-yankovic/another-one-rides-the-bus-chords-2962232,Comedy,1980
https://tabs.ultimate-guitar.com/tab/weird-al-yankovic/ricky-chords-2910185,Comedy,1980
https://tabs.ultimate-guitar.com/tab/weird-al-yankovic/midnight-star-chords-1511310,Comedy,1980
https://tabs.ultimate-guitar.com/tab/weird-al-yankovic/midnight-star-chords-2992847,Comedy,1980
https://tabs.ultimate-guitar.com/tab/weird-al-yankovic/mr-popeil-chords-2994287,Comedy,1980
https://tabs.ultimate-guitar.com/tab/weird-al-yankovic/buy-me-a-condo-chords-2993969,Comedy,1980
https://tabs.ultimate-guitar.com/tab/weird-al-yankovic/king-of-suede-chords-2994434,Comedy,1980
https://tabs.ultimate-guitar.com/tab/weird-al-yankovic/this-is-the-life-chords-1743372,Comedy,1980
https://tabs.ultimate-guitar.com/tab/weird-al-yankovic/this-is-the-life-chords-3069737,Comedy,1980
https://tabs.ultimate-guitar.com/tab/weird-al-yankovic/i-want-a-new-duck-chords-3010694,Comedy,1980
https://tabs.ultimate-guitar.com/tab/weird-al-yankovic/living-with-a-hernia-chords-2098857,Comedy,1980
https://tabs.ultimate-guitar.com/tab/weird-al-yankovic/melanie-chords-88290,Comedy,1980
https://tabs.ultimate-guitar.com/tab/weird-al-yankovic/you-make-me-chords-1967963,Comedy,1980
https://tabs.ultimate-guitar.com/tab/weird-al-yankovic/the-biggest-ball-of-twine-in-minnesota-chords-1508427,Comedy,1980
https://tabs.ultimate-guitar.com/tab/weird-al-yankovic/generic-blues-chords-2500146,Comedy,1980
https://tabs.ultimate-guitar.com/tab/weird-al-yankovic/slime-creatures-from-outer-space-chords-3028127,Comedy,1980
https://tabs.ultimate-guitar.com/tab/weird-al-yankovic/girls-just-want-to-have-lunch-chords-3028181,Comedy,1980
https://tabs.ultimate-guitar.com/tab/weird-al-yankovic/cable-tv-chords-3074117,Comedy,1980
https://tabs.ultimate-guitar.com/tab/weird-al-yankovic/eat-it-chords-2992769,Comedy,1980
https://tabs.ultimate-guitar.com/tab/weird-al-yankovic/one-more-minute-chords-88297,Comedy,1980
https://tabs.ultimate-guitar.com/tab/weird-al-yankovic/one-more-minute-chords-407105,Comedy,1980
https://tabs.ultimate-guitar.com/tab/weird-al-yankovic/one-more-minute-chords-782506,Comedy,1980
https://tabs.ultimate-guitar.com/tab/weird-al-yankovic/one-more-minute-chords-3010820,Comedy,1980
https://tabs.ultimate-guitar.com/tab/weird-al-yankovic/like-a-surgeon-chords-1974051,Comedy,1980
https://tabs.ultimate-guitar.com/tab/weird-al-yankovic/the-brady-bunch-chords-2993177,Comedy,1980
https://tabs.ultimate-guitar.com/tab/weird-al-yankovic/i-lost-on-jeopardy-chords-2994014,Comedy,1980
https://tabs.ultimate-guitar.com/tab/weird-al-yankovic/that-boy-could-dance-chords-2994512,Comedy,1980
https://tabs.ultimate-guitar.com/tab/weird-al-yankovic/nature-trail-to-hell-chords-929130,Comedy,1980
https://tabs.ultimate-guitar.com/tab/weird-al-yankovic/nature-trail-to-hell-chords-1777716,Comedy,1980
https://tabs.ultimate-guitar.com/tab/weird-al-yankovic/nature-trail-to-hell-chords-1899296,Comedy,1980
https://tabs.ultimate-guitar.com/tab/weird-al-yankovic/nature-trail-to-hell-chords-3001571,Comedy,1980
https://tabs.ultimate-guitar.com/tab/weird-al-yankovic/happy-birthday-chords-2912549,Comedy,1980
https://tabs.ultimate-guitar.com/tab/weird-al-yankovic/gotta-boogie-chords-2910230,Comedy,1980
https://tabs.ultimate-guitar.com/tab/weird-al-yankovic/dont-wear-those-shoes-chords-2277567,Comedy,1980
https://tabs.ultimate-guitar.com/tab/weird-al-yankovic/good-enough-for-now-chords-88296,Comedy,1980
https://tabs.ultimate-guitar.com/tab/weird-al-yankovic/spam-chords-2332777,Comedy,1980
https://tabs.ultimate-guitar.com/tab/weird-al-yankovic/buckingham-blues-chords-2911262,Comedy,1980
https://tabs.ultimate-guitar.com/tab/weird-al-yankovic/stop-draggin-my-car-around-chords-2912600,Comedy,1980
https://tabs.ultimate-guitar.com/tab/weird-al-yankovic/the-checks-in-the-mail-chords-1967951,Comedy,1980
https://tabs.ultimate-guitar.com/tab/weird-al-yankovic/the-checks-in-the-mail-chords-2936012,Comedy,1980
https://tabs.ultimate-guitar.com/tab/weird-al-yankovic/ill-be-mellow-when-im-dead-chords-2962838,Comedy,1980
https://tabs.ultimate-guitar.com/tab/weird-al-yankovic/such-a-groovy-guy-chords-2978165,Comedy,1980
https://tabs.ultimate-guitar.com/tab/weird-al-yankovic/mr-frump-in-the-iron-lung-chords-2978261,Comedy,1980
https://tabs.ultimate-guitar.com/tab/weird-al-yankovic/theme-from-rocky-xiii-the-rye-or-the-kaiser-chords-2995820,Comedy,1980
https://tabs.ultimate-guitar.com/tab/weird-al-yankovic/you-dont-love-me-anymore-chords-88303,Comedy,1940
https://tabs.ultimate-guitar.com/tab/jon-lajoie/everyday-normal-guy-2-chords-952332,Comedy,1940
https://tabs.ultimate-guitar.com/tab/weird-al-yankovic/yoda-chords-88299,Comedy,1940
https://tabs.ultimate-guitar.com/tab/flight-of-the-conchords/business-time-chords-1407655,Comedy,1940
https://tabs.ultimate-guitar.com/tab/jon-lajoie/2-girls-1-cup-song-chords-760292,Comedy,1940
https://tabs.ultimate-guitar.com/tab/jon-lajoie/too-fast-chords-765796,Comedy,1940
https://tabs.ultimate-guitar.com/tab/jon-lajoie/high-as-fuck-chords-838908,Comedy,1940
https://tabs.ultimate-guitar.com/tab/jon-lajoie/2-girls-1-cup-song-chords-676911,Comedy,1940
https://tabs.ultimate-guitar.com/tab/flight-of-the-conchords/hiphopopotamus-vs-rhymenoceros-chords-805643,Comedy,1940
https://tabs.ultimate-guitar.com/tab/weird-al-yankovic/hardware-store-chords-1900668,Comedy,1940
https://tabs.ultimate-guitar.com/tab/flight-of-the-conchords/a-kiss-is-not-a-contract-chords-704874,Comedy,1940
https://tabs.ultimate-guitar.com/tab/weird-al-yankovic/dont-download-this-song-chords-451125,Comedy,1940
https://tabs.ultimate-guitar.com/tab/weird-al-yankovic/a-complicated-song-chords-190601,Comedy,1940
https://tabs.ultimate-guitar.com/tab/flight-of-the-conchords/leggy-blonde-chords-557827,Comedy,1940
https://tabs.ultimate-guitar.com/tab/weird-al-yankovic/everything-you-know-is-wrong-chords-88292,Comedy,1940
https://tabs.ultimate-guitar.com/tab/weird-al-yankovic/ebay-chords-823699,Comedy,1940
https://tabs.ultimate-guitar.com/tab/weird-al-yankovic/my-babys-in-love-with-eddie-vedder-chords-2399723,Comedy,1940
https://tabs.ultimate-guitar.com/tab/weird-al-yankovic/canadian-idiot-chords-425373,Comedy,1940
https://tabs.ultimate-guitar.com/tab/weird-al-yankovic/your-horoscope-for-today-chords-955711,Comedy,1940
https://tabs.ultimate-guitar.com/tab/weird-al-yankovic/close-but-no-cigar-chords-1491679,Comedy,1940
https://tabs.ultimate-guitar.com/tab/weird-al-yankovic/party-in-the-cia-chords-1982793,Comedy,1940
https://tabs.ultimate-guitar.com/tab/weird-al-yankovic/do-i-creep-you-out-chords-425348,Comedy,1940
https://tabs.ultimate-guitar.com/tab/weird-al-yankovic/grapefruit-diet-chords-1510462,Comedy,1940
https://tabs.ultimate-guitar.com/tab/weird-al-yankovic/why-does-this-always-happen-to-me-chords-367210,Comedy,1940
https://tabs.ultimate-guitar.com/tab/weird-al-yankovic/christmas-at-ground-zero-chords-2553645,Comedy,1940
https://tabs.ultimate-guitar.com/tab/weird-al-yankovic/achy-breaky-song-chords-88294,Comedy,1940
https://tabs.ultimate-guitar.com/tab/weird-al-yankovic/george-of-the-jungle-chords-3026828,Comedy,1940
https://tabs.ultimate-guitar.com/tab/weird-al-yankovic/word-crimes-chords-2522532,Comedy,1940
https://tabs.ultimate-guitar.com/tab/weird-al-yankovic/eat-it-chords-1763002,Comedy,1940
https://tabs.ultimate-guitar.com/tab/weird-al-yankovic/dare-to-be-stupid-chords-1730577,Comedy,1940
https://tabs.ultimate-guitar.com/tab/weird-al-yankovic/i-lost-on-jeopardy-chords-1983813,Comedy,1940
https://tabs.ultimate-guitar.com/tab/flight-of-the-conchords/inner-city-pressure-chords-644783,Comedy,1940
https://tabs.ultimate-guitar.com/tab/flight-of-the-conchords/ladies-of-the-world-chords-711109,Comedy,1940
https://tabs.ultimate-guitar.com/tab/flight-of-the-conchords/bowie-chords-752402,Comedy,1940
https://tabs.ultimate-guitar.com/tab/weird-al-yankovic/you-dont-love-me-anymore-chords-144892,Comedy,1940
https://tabs.ultimate-guitar.com/tab/weird-al-yankovic/amish-paradise-chords-1701644,Comedy,1940
https://tabs.ultimate-guitar.com/tab/weird-al-yankovic/since-youve-been-gone-chords-88298,Comedy,1940
https://tabs.ultimate-guitar.com/tab/weird-al-yankovic/gump-chords-1874986,Comedy,1940
https://tabs.ultimate-guitar.com/tab/the-arrogant-worms/the-last-saskatchewan-pirate-chords-721529,Comedy,1940
https://tabs.ultimate-guitar.com/tab/flight-of-the-conchords/leggy-blonde-chords-2990249,Comedy,1940
https://tabs.ultimate-guitar.com/tab/weird-al-yankovic/everything-you-know-is-wrong-chords-1504762,Comedy,1940
https://tabs.ultimate-guitar.com/tab/jon-lajoie/too-fast-chords-776538,Comedy,1940
https://tabs.ultimate-guitar.com/tab/jon-lajoie/too-fast-chords-957594,Comedy,1940
https://tabs.ultimate-guitar.com/tab/flight-of-the-conchords/robots-chords-929205,Comedy,1940
https://tabs.ultimate-guitar.com/tab/weird-al-yankovic/pancreas-chords-468334,Comedy,1940
https://tabs.ultimate-guitar.com/tab/weird-al-yankovic/jerry-springer-chords-1159742,Comedy,1940
https://tabs.ultimate-guitar.com/tab/weird-al-yankovic/cnr-chords-2329163,Comedy,1940
https://tabs.ultimate-guitar.com/tab/weird-al-yankovic/virus-alert-chords-929126,Comedy,1940
https://tabs.ultimate-guitar.com/tab/weird-al-yankovic/tmz-chords-1067253,Comedy,1940
https://tabs.ultimate-guitar.com/tab/weird-al-yankovic/your-horoscope-for-today-chords-1669169,Comedy,1940
https://tabs.ultimate-guitar.com/tab/weird-al-yankovic/skipper-dan-chords-849074,Comedy,1940
https://tabs.ultimate-guitar.com/tab/weird-al-yankovic/skipper-dan-chords-1169994,Comedy,1940
https://tabs.ultimate-guitar.com/tab/weird-al-yankovic/truck-drivin-song-chords-938644,Comedy,1940
https://tabs.ultimate-guitar.com/tab/weird-al-yankovic/dont-download-this-song-chords-869863,Comedy,1940
https://tabs.ultimate-guitar.com/tab/weird-al-yankovic/dont-download-this-song-chords-1504547,Comedy,1940
https://tabs.ultimate-guitar.com/tab/weird-al-yankovic/albuquerque-chords-88302,Comedy,1940
https://tabs.ultimate-guitar.com/tab/weird-al-yankovic/if-that-isnt-love-chords-2299371,Comedy,1940
https://tabs.ultimate-guitar.com/tab/weird-al-yankovic/stop-forwarding-that-crap-to-me-chords-1108818,Comedy,1940
https://tabs.ultimate-guitar.com/tab/weird-al-yankovic/a-complicated-song-chords-1196106,Comedy,1940
https://tabs.ultimate-guitar.com/tab/weird-al-yankovic/a-complicated-song-chords-1199101,Comedy,1940
https://tabs.ultimate-guitar.com/tab/weird-al-yankovic/why-does-this-always-happen-to-me-chords-1864552,Comedy,1940
https://tabs.ultimate-guitar.com/tab/weird-al-yankovic/ode-to-a-superhero-chords-366980,Comedy,1940
https://tabs.ultimate-guitar.com/tab/weird-al-yankovic/bob-chords-266628,Comedy,1940
https://tabs.ultimate-guitar.com/tab/weird-al-yankovic/genius-in-france-chords-1506451,Comedy,1940
https://tabs.ultimate-guitar.com/tab/weird-al-yankovic/i-think-im-a-clone-now-chords-1967987,Comedy,1940
https://tabs.ultimate-guitar.com/tab/weird-al-yankovic/i-love-rocky-road-chords-2910533,Comedy,1940
https://tabs.ultimate-guitar.com/tab/weird-al-yankovic/my-bologna-chords-2212401,Comedy,1940
https://tabs.ultimate-guitar.com/tab/weird-al-yankovic/my-bologna-chords-2935886,Comedy,1940
https://tabs.ultimate-guitar.com/tab/weird-al-yankovic/another-one-rides-the-bus-chords-869828,Comedy,1940
https://tabs.ultimate-guitar.com/tab/weird-al-yankovic/another-one-rides-the-bus-chords-2962232,Comedy,1940
https://tabs.ultimate-guitar.com/tab/weird-al-yankovic/ricky-chords-2910185,Comedy,1940
https://tabs.ultimate-guitar.com/tab/weird-al-yankovic/midnight-star-chords-1511310,Comedy,1940
https://tabs.ultimate-guitar.com/tab/weird-al-yankovic/midnight-star-chords-2992847,Comedy,1940
https://tabs.ultimate-guitar.com/tab/weird-al-yankovic/mr-popeil-chords-2994287,Comedy,1940
https://tabs.ultimate-guitar.com/tab/weird-al-yankovic/buy-me-a-condo-chords-2993969,Comedy,1940
https://tabs.ultimate-guitar.com/tab/weird-al-yankovic/king-of-suede-chords-2994434,Comedy,1940
https://tabs.ultimate-guitar.com/tab/weird-al-yankovic/this-is-the-life-chords-1743372,Comedy,1940
https://tabs.ultimate-guitar.com/tab/weird-al-yankovic/this-is-the-life-chords-3069737,Comedy,1940
https://tabs.ultimate-guitar.com/tab/weird-al-yankovic/i-want-a-new-duck-chords-3010694,Comedy,1940
https://tabs.ultimate-guitar.com/tab/weird-al-yankovic/living-with-a-hernia-chords-2098857,Comedy,1940
https://tabs.ultimate-guitar.com/tab/weird-al-yankovic/melanie-chords-88290,Comedy,1940
https://tabs.ultimate-guitar.com/tab/weird-al-yankovic/you-make-me-chords-1967963,Comedy,1940
https://tabs.ultimate-guitar.com/tab/weird-al-yankovic/the-biggest-ball-of-twine-in-minnesota-chords-1508427,Comedy,1940
https://tabs.ultimate-guitar.com/tab/weird-al-yankovic/generic-blues-chords-2500146,Comedy,1940
https://tabs.ultimate-guitar.com/tab/weird-al-yankovic/jurassic-park-chords-2609697,Comedy,1940
https://tabs.ultimate-guitar.com/tab/weird-al-yankovic/slime-creatures-from-outer-space-chords-3028127,Comedy,1940
https://tabs.ultimate-guitar.com/tab/weird-al-yankovic/girls-just-want-to-have-lunch-chords-3028181,Comedy,1940
https://tabs.ultimate-guitar.com/tab/weird-al-yankovic/cable-tv-chords-3074117,Comedy,1940
https://tabs.ultimate-guitar.com/tab/weird-al-yankovic/traffic-jam-chords-2404967,Comedy,1940
https://tabs.ultimate-guitar.com/tab/weird-al-yankovic/foil-chords-1508351,Comedy,1940
https://tabs.ultimate-guitar.com/tab/weird-al-yankovic/foil-chords-1762468,Comedy,1940
https://tabs.ultimate-guitar.com/tab/weird-al-yankovic/mission-statement-chords-1986731,Comedy,1940
https://tabs.ultimate-guitar.com/tab/weird-al-yankovic/jackson-park-express-chords-1506452,Comedy,1940
https://tabs.ultimate-guitar.com/tab/weird-al-yankovic/eat-it-chords-2992769,Comedy,1940
https://tabs.ultimate-guitar.com/tab/weird-al-yankovic/one-more-minute-chords-88297,Comedy,1940
https://tabs.ultimate-guitar.com/tab/weird-al-yankovic/one-more-minute-chords-407105,Comedy,1940
https://tabs.ultimate-guitar.com/tab/weird-al-yankovic/one-more-minute-chords-782506,Comedy,1940
https://tabs.ultimate-guitar.com/tab/weird-al-yankovic/one-more-minute-chords-3010820,Comedy,1940
https://tabs.ultimate-guitar.com/tab/weird-al-yankovic/like-a-surgeon-chords-1974051,Comedy,1940
https://tabs.ultimate-guitar.com/tab/weird-al-yankovic/the-brady-bunch-chords-2993177,Comedy,1940
https://tabs.ultimate-guitar.com/tab/weird-al-yankovic/i-lost-on-jeopardy-chords-2994014,Comedy,1940
https://tabs.ultimate-guitar.com/tab/weird-al-yankovic/that-boy-could-dance-chords-2994512,Comedy,1940
https://tabs.ultimate-guitar.com/tab/weird-al-yankovic/nature-trail-to-hell-chords-929130,Comedy,1940
https://tabs.ultimate-guitar.com/tab/weird-al-yankovic/nature-trail-to-hell-chords-1777716,Comedy,1940
https://tabs.ultimate-guitar.com/tab/weird-al-yankovic/nature-trail-to-hell-chords-1899296,Comedy,1940
https://tabs.ultimate-guitar.com/tab/weird-al-yankovic/nature-trail-to-hell-chords-3001571,Comedy,1940
https://tabs.ultimate-guitar.com/tab/flight-of-the-conchords/ladies-of-the-world-chords-765835,Comedy,1940
https://tabs.ultimate-guitar.com/tab/flight-of-the-conchords/ladies-of-the-world-chords-788507,Comedy,1940
https://tabs.ultimate-guitar.com/tab/flight-of-the-conchords/ladies-of-the-world-chords-993111,Comedy,1940
https://tabs.ultimate-guitar.com/tab/flight-of-the-conchords/business-time-chords-753000,Comedy,1940
https://tabs.ultimate-guitar.com/tab/weird-al-yankovic/happy-birthday-chords-2912549,Comedy,1940
https://tabs.ultimate-guitar.com/tab/weird-al-yankovic/gotta-boogie-chords-2910230,Comedy,1940
https://tabs.ultimate-guitar.com/tab/weird-al-yankovic/dont-wear-those-shoes-chords-2277567,Comedy,1940
https://tabs.ultimate-guitar.com/tab/weird-al-yankovic/good-enough-for-now-chords-88296,Comedy,1940
https://tabs.ultimate-guitar.com/tab/weird-al-yankovic/you-dont-love-me-anymore-chords-2828206,Comedy,1940
https://tabs.ultimate-guitar.com/tab/weird-al-yankovic/callin-in-sick-chords-88293,Comedy,1940
https://tabs.ultimate-guitar.com/tab/weird-al-yankovic/phony-calls-chords-1947799,Comedy,1940
https://tabs.ultimate-guitar.com/tab/weird-al-yankovic/the-night-santa-went-crazy-chords-209802,Comedy,1940
https://tabs.ultimate-guitar.com/tab/weird-al-yankovic/the-night-santa-went-crazy-chords-1900212,Comedy,1940
https://tabs.ultimate-guitar.com/tab/weird-al-yankovic/spam-chords-2332777,Comedy,1940
https://tabs.ultimate-guitar.com/tab/jon-lajoie/pop-song-chords-1014359,Comedy,1940
https://tabs.ultimate-guitar.com/tab/jon-lajoie/pop-song-chords-1057463,Comedy,1940
https://tabs.ultimate-guitar.com/tab/jon-lajoie/song-for-britney-chords-777430,Comedy,1940
https://tabs.ultimate-guitar.com/tab/jon-lajoie/song-for-britney-chords-838909,Comedy,1940
https://tabs.ultimate-guitar.com/tab/jon-lajoie/song-for-britney-chords-1092635,Comedy,1940
https://tabs.ultimate-guitar.com/tab/jon-lajoie/stay-at-home-dad-chords-1799729,Comedy,1940
https://tabs.ultimate-guitar.com/tab/jon-lajoie/cold-blooded-christmas-chords-748340,Comedy,1940
https://tabs.ultimate-guitar.com/tab/jon-lajoie/2-girls-1-cup-song-chords-843121,Comedy,1940
https://tabs.ultimate-guitar.com/tab/weird-al-yankovic/trigger-happy-chords-2462120,Comedy,1940
https://tabs.ultimate-guitar.com/tab/the-arrogant-worms/carrot-juice-is-murder-chords-652694,Comedy,1940
https://tabs.ultimate-guitar.com/tab/the-arrogant-worms/jesus-brother-bob-chords-513847,Comedy,1940
https://tabs.ultimate-guitar.com/tab/the-arrogant-worms/canadas-really-big-chords-1236549,Comedy,1940
https://tabs.ultimate-guitar.com/tab/the-arrogant-worms/the-last-saskatchewan-pirate-chords-1021504,Comedy,1940
https://tabs.ultimate-guitar.com/tab/weird-al-yankovic/buckingham-blues-chords-2911262,Comedy,1940
https://tabs.ultimate-guitar.com/tab/weird-al-yankovic/stop-draggin-my-car-around-chords-2912600,Comedy,1940
https://tabs.ultimate-guitar.com/tab/weird-al-yankovic/the-checks-in-the-mail-chords-1967951,Comedy,1940
https://tabs.ultimate-guitar.com/tab/weird-al-yankovic/the-checks-in-the-mail-chords-2936012,Comedy,1940
https://tabs.ultimate-guitar.com/tab/weird-al-yankovic/ill-be-mellow-when-im-dead-chords-2962838,Comedy,1940
https://tabs.ultimate-guitar.com/tab/weird-al-yankovic/such-a-groovy-guy-chords-2978165,Comedy,1940
https://tabs.ultimate-guitar.com/tab/weird-al-yankovic/franks-2000-inch-tv-chords-2690946,Comedy,1940
https://tabs.ultimate-guitar.com/tab/weird-al-yankovic/mr-frump-in-the-iron-lung-chords-2978261,Comedy,1940
https://tabs.ultimate-guitar.com/tab/weird-al-yankovic/theme-from-rocky-xiii-the-rye-or-the-kaiser-chords-2995820,Comedy,1940
