https://tabs.ultimate-guitar.com/tab/daft-punk/get-lucky-chords-1239950,Disco,2010
https://tabs.ultimate-guitar.com/tab/daft-punk/instant-crush-chords-1251499,Disco,2010
https://tabs.ultimate-guitar.com/tab/daft-punk/get-lucky-chords-1239902,Disco,2010
https://tabs.ultimate-guitar.com/tab/daft-punk/lose-yourself-to-dance-chords-1419881,Disco,2010
https://tabs.ultimate-guitar.com/tab/daft-punk/within-chords-1247611,Disco,2010
https://tabs.ultimate-guitar.com/tab/daft-punk/instant-crush-chords-2408791,Disco,2010
https://tabs.ultimate-guitar.com/tab/daft-punk/touch-chords-1246878,Disco,2010
https://tabs.ultimate-guitar.com/tab/daft-punk/get-lucky-chords-1240260,Disco,2010
https://tabs.ultimate-guitar.com/tab/daft-punk/get-lucky-chords-1239507,Disco,2010
https://tabs.ultimate-guitar.com/tab/daft-punk/fragments-of-time-chords-1252015,Disco,2010
https://tabs.ultimate-guitar.com/tab/daft-punk/give-life-back-to-music-chords-2539818,Disco,2010
https://tabs.ultimate-guitar.com/tab/jamiroquai/summer-girl-chords-1983441,Disco,2010
https://tabs.ultimate-guitar.com/tab/daft-punk/lose-yourself-to-dance-chords-1433304,Disco,2010
https://tabs.ultimate-guitar.com/tab/daft-punk/fragments-of-time-chords-1418810,Disco,2010
https://tabs.ultimate-guitar.com/tab/daft-punk/touch-chords-1481273,Disco,2010
https://tabs.ultimate-guitar.com/tab/daft-punk/doin-it-right-chords-1406211,Disco,2010
https://tabs.ultimate-guitar.com/tab/jamiroquai/cloud-9-chords-1961999,Disco,2010
https://tabs.ultimate-guitar.com/tab/hedley/anything-chords-1416881,Disco,2010
https://tabs.ultimate-guitar.com/tab/hedley/crazy-for-you-chords-1468280,Disco,2010
https://tabs.ultimate-guitar.com/tab/hedley/beautiful-girl-chords-1470149,Disco,2010
https://tabs.ultimate-guitar.com/tab/daft-punk/get-lucky-chords-1409157,Disco,2010
https://tabs.ultimate-guitar.com/tab/daft-punk/lose-yourself-to-dance-chords-2092845,Disco,2010
https://tabs.ultimate-guitar.com/tab/hedley/pocket-full-of-dreams-chords-1459909,Disco,2010
https://tabs.ultimate-guitar.com/tab/hedley/pocket-full-of-dreams-chords-2089257,Disco,2010
https://tabs.ultimate-guitar.com/tab/daft-punk/within-chords-1418818,Disco,2010
https://tabs.ultimate-guitar.com/tab/scissor-sisters/whole-new-way-chords-1786443,Disco,2010
https://tabs.ultimate-guitar.com/tab/scissor-sisters/fire-with-fire-chords-962002,Disco,2010
https://tabs.ultimate-guitar.com/tab/scissor-sisters/fire-with-fire-chords-970650,Disco,2010
https://tabs.ultimate-guitar.com/tab/scissor-sisters/fire-with-fire-chords-1004470,Disco,2010
https://tabs.ultimate-guitar.com/tab/scissor-sisters/skin-tight-chords-1090074,Disco,2010
https://tabs.ultimate-guitar.com/tab/daft-punk/touch-chords-1424938,Disco,2010
https://tabs.ultimate-guitar.com/tab/daft-punk/doin-it-right-chords-1252167,Disco,2010
https://tabs.ultimate-guitar.com/tab/jamiroquai/shake-it-on-chords-2007405,Disco,2010
https://tabs.ultimate-guitar.com/tab/jamiroquai/automaton-chords-1942161,Disco,2010
https://tabs.ultimate-guitar.com/tab/jamiroquai/superfresh-chords-1982567,Disco,2010
https://tabs.ultimate-guitar.com/tab/jamiroquai/hot-property-chords-1982559,Disco,2010
https://tabs.ultimate-guitar.com/tab/jamiroquai/something-about-you-chords-1982551,Disco,2010
https://tabs.ultimate-guitar.com/tab/jamiroquai/nights-out-in-the-jungle-chords-1983411,Disco,2010
https://tabs.ultimate-guitar.com/tab/jamiroquai/dr-buzz-chords-1982591,Disco,2010
https://tabs.ultimate-guitar.com/tab/jamiroquai/we-can-do-it-chords-1982581,Disco,2010
https://tabs.ultimate-guitar.com/tab/jamiroquai/vitamin-chords-1981657,Disco,2010
https://tabs.ultimate-guitar.com/tab/jamiroquai/vitamin-chords-2006585,Disco,2010
https://tabs.ultimate-guitar.com/tab/jamiroquai/carla-chords-3218843,Disco,2010
https://tabs.ultimate-guitar.com/tab/hedley/anything-chords-1418597,Disco,2010
https://tabs.ultimate-guitar.com/tab/hedley/anything-chords-1433524,Disco,2010
https://tabs.ultimate-guitar.com/tab/hedley/crazy-for-you-chords-1468953,Disco,2010
https://tabs.ultimate-guitar.com/tab/hedley/headphones-chords-1510260,Disco,2010
https://tabs.ultimate-guitar.com/tab/hedley/heaven-in-our-headlights-chords-1504543,Disco,2010
https://tabs.ultimate-guitar.com/tab/hedley/dreamings-for-sleeping-chords-1477275,Disco,2010
https://tabs.ultimate-guitar.com/tab/hedley/wild-life-chords-1445329,Disco,2010
https://tabs.ultimate-guitar.com/tab/hedley/got-love-chords-1489329,Disco,2010
https://tabs.ultimate-guitar.com/tab/hedley/all-the-way-chords-1443202,Disco,2010
https://tabs.ultimate-guitar.com/tab/hedley/all-the-way-chords-1744613,Disco,2010
https://tabs.ultimate-guitar.com/tab/hedley/top-of-the-world-chords-1487422,Disco,2010
https://tabs.ultimate-guitar.com/tab/hedley/beautiful-girl-chords-1508404,Disco,2010
https://tabs.ultimate-guitar.com/tab/hedley/parade-rain-chords-1453611,Disco,2010
https://tabs.ultimate-guitar.com/tab/kylie-minogue/cant-get-you-out-of-my-head-chords-1194736,Disco,2000
https://tabs.ultimate-guitar.com/tab/jamiroquai/seven-days-in-sunny-june-chords-565579,Disco,2000
https://tabs.ultimate-guitar.com/tab/kylie-minogue/cant-get-you-out-of-my-head-chords-1248558,Disco,2000
https://tabs.ultimate-guitar.com/tab/jamiroquai/seven-days-in-sunny-june-chords-1057630,Disco,2000
https://tabs.ultimate-guitar.com/tab/kylie-minogue/in-your-eyes-chords-75981,Disco,2000
https://tabs.ultimate-guitar.com/tab/kylie-minogue/come-into-my-world-chords-877134,Disco,2000
https://tabs.ultimate-guitar.com/tab/kylie-minogue/cant-get-you-out-of-my-head-chords-28310,Disco,2000
https://tabs.ultimate-guitar.com/tab/jamiroquai/starchild-chords-1021742,Disco,2000
https://tabs.ultimate-guitar.com/tab/kylie-minogue/in-your-eyes-chords-491067,Disco,2000
https://tabs.ultimate-guitar.com/tab/kylie-minogue/in-your-eyes-chords-795241,Disco,2000
https://tabs.ultimate-guitar.com/tab/jamiroquai/seven-days-in-sunny-june-chords-1021777,Disco,2000
https://tabs.ultimate-guitar.com/tab/jamiroquai/world-that-he-wants-chords-1187590,Disco,2000
https://tabs.ultimate-guitar.com/tab/jamiroquai/hot-tequila-brown-chords-2178509,Disco,2000
https://tabs.ultimate-guitar.com/tab/kylie-minogue/in-your-eyes-chords-2740779,Disco,2000
https://tabs.ultimate-guitar.com/tab/kylie-minogue/cant-get-you-out-of-my-head-chords-1091618,Disco,2000
https://tabs.ultimate-guitar.com/tab/kylie-minogue/cant-get-you-out-of-my-head-chords-1121469,Disco,2000
https://tabs.ultimate-guitar.com/tab/kylie-minogue/no-more-rain-chords-1084103,Disco,2000
https://tabs.ultimate-guitar.com/tab/kylie-minogue/come-into-my-world-chords-1200873,Disco,2000
https://tabs.ultimate-guitar.com/tab/kylie-minogue/fever-chords-1971061,Disco,2000
https://tabs.ultimate-guitar.com/tab/kylie-minogue/fragile-chords-1489458,Disco,2000
https://tabs.ultimate-guitar.com/tab/kylie-minogue/your-love-chords-3118763,Disco,2000
https://tabs.ultimate-guitar.com/tab/donna-summer/romeo-chords-1729931,Disco,1990
https://tabs.ultimate-guitar.com/tab/abba/lay-all-your-love-on-me-chords-1798288,Disco,1980
https://tabs.ultimate-guitar.com/tab/modern-talking/youre-my-heart-youre-my-soul-chords-1713122,Disco,1980
https://tabs.ultimate-guitar.com/tab/pointer-sisters/im-so-excited-chords-956261,Disco,1980
https://tabs.ultimate-guitar.com/tab/lipps-inc-/funkytown-chords-1159823,Disco,1980
https://tabs.ultimate-guitar.com/tab/modern-talking/brother-louie-chords-700253,Disco,1980
https://tabs.ultimate-guitar.com/tab/abba/lay-all-your-love-on-me-chords-2089131,Disco,1980
https://tabs.ultimate-guitar.com/tab/modern-talking/cheri-cheri-lady-chords-488020,Disco,1980
https://tabs.ultimate-guitar.com/tab/kc-and-the-sunshine-band/give-it-up-chords-662170,Disco,1980
https://tabs.ultimate-guitar.com/tab/diana-ross/upside-down-chords-354251,Disco,1980
https://tabs.ultimate-guitar.com/tab/donna-summer/she-works-hard-for-the-money-chords-1485525,Disco,1980
https://tabs.ultimate-guitar.com/tab/modern-talking/youre-my-heart-youre-my-soul-chords-488419,Disco,1980
https://tabs.ultimate-guitar.com/tab/diana-ross/im-coming-out-chords-2745609,Disco,1980
https://tabs.ultimate-guitar.com/tab/kylie-minogue/love-at-first-sight-chords-1515309,Disco,1980
https://tabs.ultimate-guitar.com/tab/modern-talking/brother-louie-chords-2635434,Disco,1980
https://tabs.ultimate-guitar.com/tab/diana-ross/im-coming-out-chords-2818442,Disco,1980
https://tabs.ultimate-guitar.com/tab/diana-ross/upside-down-chords-1495111,Disco,1980
https://tabs.ultimate-guitar.com/tab/modern-talking/cheri-cheri-lady-chords-1471690,Disco,1980
https://tabs.ultimate-guitar.com/tab/modern-talking/you-can-win-if-you-want-chords-1462107,Disco,1980
https://tabs.ultimate-guitar.com/tab/modern-talking/heaven-will-know-chords-1462117,Disco,1980
https://tabs.ultimate-guitar.com/tab/kylie-minogue/love-at-first-sight-chords-705227,Disco,1980
https://tabs.ultimate-guitar.com/tab/donna-summer/this-time-i-know-its-for-real-chords-1239804,Disco,1980
https://tabs.ultimate-guitar.com/tab/modern-talking/geronimos-cadillac-chords-625958,Disco,1980
https://tabs.ultimate-guitar.com/tab/pointer-sisters/im-so-excited-chords-2238747,Disco,1980
https://tabs.ultimate-guitar.com/tab/gloria-gaynor/i-am-what-i-am-chords-1395995,Disco,1980
https://tabs.ultimate-guitar.com/tab/modern-talking/who-will-save-the-world-chords-2682714,Disco,1980
https://tabs.ultimate-guitar.com/tab/lipps-inc-/funkytown-chords-2740812,Disco,1980
https://tabs.ultimate-guitar.com/tab/abba/me-and-i-chords-32030,Disco,1980
https://tabs.ultimate-guitar.com/tab/lipps-inc-/designer-music-chords-1847760,Disco,1980
https://tabs.ultimate-guitar.com/tab/diana-ross/my-old-piano-chords-1734666,Disco,1980
https://tabs.ultimate-guitar.com/tab/modern-talking/do-you-wanna-chords-1462111,Disco,1980
https://tabs.ultimate-guitar.com/tab/diana-ross/upside-down-chords-1787349,Disco,1980
https://tabs.ultimate-guitar.com/tab/modern-talking/the-night-is-yours-the-night-is-mine-chords-1462110,Disco,1980
https://tabs.ultimate-guitar.com/tab/sister-sledge/all-american-girls-chords-3229412,Disco,1980
https://tabs.ultimate-guitar.com/tab/sister-sledge/got-to-love-somebody-chords-3231563,Disco,1980
https://tabs.ultimate-guitar.com/tab/modern-talking/diamonds-never-made-a-lady-chords-1462109,Disco,1980
https://tabs.ultimate-guitar.com/tab/modern-talking/theres-too-much-blue-in-missing-you-chords-1462108,Disco,1980
https://tabs.ultimate-guitar.com/tab/boney-m-/breakaway-chords-767862,Disco,1980
https://tabs.ultimate-guitar.com/tab/modern-talking/one-in-a-million-chords-1462113,Disco,1980
https://tabs.ultimate-guitar.com/tab/modern-talking/bells-of-paris-chords-1462114,Disco,1980
https://tabs.ultimate-guitar.com/tab/modern-talking/lucky-guy-chords-1462112,Disco,1980
https://tabs.ultimate-guitar.com/tab/modern-talking/dont-worry-chords-1462116,Disco,1980
https://tabs.ultimate-guitar.com/tab/pointer-sisters/im-so-excited-chords-654252,Disco,1980
https://tabs.ultimate-guitar.com/tab/gloria-gaynor/i-will-survive-chords-991389,Disco,1970
https://tabs.ultimate-guitar.com/tab/abba/mamma-mia-chords-52949,Disco,1970
https://tabs.ultimate-guitar.com/tab/gloria-gaynor/i-will-survive-chords-154172,Disco,1970
https://tabs.ultimate-guitar.com/tab/gloria-gaynor/never-can-say-goodbye-chords-1000040,Disco,1970
https://tabs.ultimate-guitar.com/tab/abba/mamma-mia-chords-709013,Disco,1970
https://tabs.ultimate-guitar.com/tab/abba/chiquitita-chords-1044057,Disco,1970
https://tabs.ultimate-guitar.com/tab/abba/fernando-chords-52945,Disco,1970
https://tabs.ultimate-guitar.com/tab/wild-cherry/play-that-funky-music-chords-1397383,Disco,1970
https://tabs.ultimate-guitar.com/tab/boney-m-/rasputin-chords-1230089,Disco,1970
https://tabs.ultimate-guitar.com/tab/michael-jackson/rock-with-you-chords-574520,Disco,1970
https://tabs.ultimate-guitar.com/tab/bee-gees/how-can-you-mend-a-broken-heart-chords-1464218,Disco,1970
https://tabs.ultimate-guitar.com/tab/billy-ocean/love-really-hurts-without-you-chords-1072903,Disco,1970
https://tabs.ultimate-guitar.com/tab/bee-gees/too-much-heaven-chords-1700055,Disco,1970
https://tabs.ultimate-guitar.com/tab/abba/ive-been-waiting-for-you-chords-1787946,Disco,1970
https://tabs.ultimate-guitar.com/tab/boney-m-/sunny-chords-533619,Disco,1970
https://tabs.ultimate-guitar.com/tab/billy-ocean/red-light-spells-danger-chords-1405475,Disco,1970
https://tabs.ultimate-guitar.com/tab/sister-sledge/we-are-family-chords-522647,Disco,1970
https://tabs.ultimate-guitar.com/tab/boney-m-/rivers-of-babylon-chords-1458631,Disco,1970
https://tabs.ultimate-guitar.com/tab/abba/mamma-mia-chords-2434985,Disco,1970
https://tabs.ultimate-guitar.com/tab/village-people/ymca-chords-281837,Disco,1970
https://tabs.ultimate-guitar.com/tab/abba/my-love-my-life-chords-1099662,Disco,1970
https://tabs.ultimate-guitar.com/tab/abba/fernando-chords-619831,Disco,1970
https://tabs.ultimate-guitar.com/tab/bee-gees/how-can-you-mend-a-broken-heart-chords-926991,Disco,1970
https://tabs.ultimate-guitar.com/tab/donna-summer/hot-stuff-chords-1170084,Disco,1970
https://tabs.ultimate-guitar.com/tab/boney-m-/daddy-cool-chords-1801598,Disco,1970
https://tabs.ultimate-guitar.com/tab/abba/chiquitita-chords-18437,Disco,1970
https://tabs.ultimate-guitar.com/tab/abba/voulez-vous-chords-356697,Disco,1970
https://tabs.ultimate-guitar.com/tab/abba/fernando-chords-2567184,Disco,1970
https://tabs.ultimate-guitar.com/tab/abba/the-name-of-the-game-chords-1845296,Disco,1970
https://tabs.ultimate-guitar.com/tab/donna-summer/i-feel-love-chords-2337265,Disco,1970
https://tabs.ultimate-guitar.com/tab/village-people/ymca-chords-1056238,Disco,1970
https://tabs.ultimate-guitar.com/tab/michael-jackson/rock-with-you-chords-212732,Disco,1970
https://tabs.ultimate-guitar.com/tab/bee-gees/too-much-heaven-chords-16888,Disco,1970
https://tabs.ultimate-guitar.com/tab/bee-gees/nights-on-broadway-chords-1050902,Disco,1970
https://tabs.ultimate-guitar.com/tab/355620,Disco,1970
https://tabs.ultimate-guitar.com/tab/abba/chiquitita-chords-619830,Disco,1970
https://tabs.ultimate-guitar.com/tab/abba/the-name-of-the-game-chords-1726629,Disco,1970
https://tabs.ultimate-guitar.com/tab/earth-wind-fire/boogie-wonderland-chords-2014991,Disco,1970
https://tabs.ultimate-guitar.com/tab/carl-douglas/kung-fu-fighting-chords-67204,Disco,1970
https://tabs.ultimate-guitar.com/tab/bee-gees/tragedy-chords-43347,Disco,1970
https://tabs.ultimate-guitar.com/tab/billy-ocean/love-really-hurts-without-you-chords-1182728,Disco,1970
https://tabs.ultimate-guitar.com/tab/chic/le-freak-chords-1994175,Disco,1970
https://tabs.ultimate-guitar.com/tab/donna-summer/bad-girls-chords-1168463,Disco,1970
https://tabs.ultimate-guitar.com/tab/bee-gees/you-should-be-dancing-chords-1874926,Disco,1970
https://tabs.ultimate-guitar.com/tab/bee-gees/jive-talkin-chords-986280,Disco,1970
https://tabs.ultimate-guitar.com/tab/kc-and-the-sunshine-band/im-your-boogie-man-chords-2027037,Disco,1970
https://tabs.ultimate-guitar.com/tab/chic/i-want-your-love-chords-1997781,Disco,1970
https://tabs.ultimate-guitar.com/tab/michael-jackson/i-cant-help-it-chords-968175,Disco,1970
https://tabs.ultimate-guitar.com/tab/bee-gees/nights-on-broadway-chords-1700059,Disco,1970
https://tabs.ultimate-guitar.com/tab/abba/the-name-of-the-game-chords-59790,Disco,1970
https://tabs.ultimate-guitar.com/tab/bee-gees/tragedy-chords-1857775,Disco,1970
https://tabs.ultimate-guitar.com/tab/kc-and-the-sunshine-band/shake-your-booty-chords-1504984,Disco,1970
https://tabs.ultimate-guitar.com/tab/kc-and-the-sunshine-band/please-dont-go-chords-1460603,Disco,1970
https://tabs.ultimate-guitar.com/tab/kc-and-the-sunshine-band/boogie-shoes-chords-1189949,Disco,1970
https://tabs.ultimate-guitar.com/tab/donna-summer/last-dance-chords-1746216,Disco,1970
https://tabs.ultimate-guitar.com/tab/donna-summer/on-the-radio-chords-1095781,Disco,1970
https://tabs.ultimate-guitar.com/tab/kc-and-the-sunshine-band/thats-the-way-i-like-it-chords-1505169,Disco,1970
https://tabs.ultimate-guitar.com/tab/chic/everybody-dance-chords-3095834,Disco,1970
https://tabs.ultimate-guitar.com/tab/boney-m-/daddy-cool-chords-3012836,Disco,1970
https://tabs.ultimate-guitar.com/tab/boney-m-/brown-girl-in-the-ring-chords-533621,Disco,1970
https://tabs.ultimate-guitar.com/tab/kc-and-the-sunshine-band/keep-it-coming-love-chords-1189939,Disco,1970
https://tabs.ultimate-guitar.com/tab/gloria-gaynor/i-will-survive-chords-3200387,Disco,1970
https://tabs.ultimate-guitar.com/tab/michael-jackson/shes-out-of-my-life-chords-860120,Disco,1970
https://tabs.ultimate-guitar.com/tab/michael-jackson/shes-out-of-my-life-chords-956975,Disco,1970
https://tabs.ultimate-guitar.com/tab/abba/kisses-of-fire-chords-2003489,Disco,1970
https://tabs.ultimate-guitar.com/tab/michael-jackson/dont-stop-til-you-get-enough-chords-212729,Disco,1970
https://tabs.ultimate-guitar.com/tab/bee-gees/lonely-days-chords-277525,Disco,1970
https://tabs.ultimate-guitar.com/tab/chaka-khan/im-every-woman-chords-855808,Disco,1970
https://tabs.ultimate-guitar.com/tab/abba/fernando-chords-1045009,Disco,1970
https://tabs.ultimate-guitar.com/tab/rose-royce/wishing-on-a-star-chords-847395,Disco,1970
https://tabs.ultimate-guitar.com/tab/boney-m-/ma-baker-chords-529440,Disco,1970
https://tabs.ultimate-guitar.com/tab/billy-ocean/love-really-hurts-without-you-chords-939900,Disco,1970
https://tabs.ultimate-guitar.com/tab/donna-summer/hot-stuff-chords-450530,Disco,1970
https://tabs.ultimate-guitar.com/tab/boney-m-/daddy-cool-chords-2835962,Disco,1970
https://tabs.ultimate-guitar.com/tab/boney-m-/sunny-chords-423013,Disco,1970
https://tabs.ultimate-guitar.com/tab/boney-m-/sunny-chords-748716,Disco,1970
https://tabs.ultimate-guitar.com/tab/boney-m-/bahama-mama-chords-1433961,Disco,1970
https://tabs.ultimate-guitar.com/tab/village-people/ymca-chords-888716,Disco,1970
https://tabs.ultimate-guitar.com/tab/kc-and-the-sunshine-band/get-down-tonight-chords-1170323,Disco,1970
https://tabs.ultimate-guitar.com/tab/kc-and-the-sunshine-band/get-down-tonight-chords-1504960,Disco,1970
https://tabs.ultimate-guitar.com/tab/michael-jackson/off-the-wall-chords-1155778,Disco,1970
https://tabs.ultimate-guitar.com/tab/michael-jackson/rock-with-you-chords-1898135,Disco,1970
https://tabs.ultimate-guitar.com/tab/michael-jackson/rock-with-you-chords-2964329,Disco,1970
https://tabs.ultimate-guitar.com/tab/michael-jackson/shes-out-of-my-life-chords-1041682,Disco,1970
https://tabs.ultimate-guitar.com/tab/johnny-mathis/the-last-time-i-felt-like-this-chords-2293847,Disco,1970
https://tabs.ultimate-guitar.com/tab/carl-douglas/kung-fu-fighting-chords-1802307,Disco,1970
https://tabs.ultimate-guitar.com/tab/bee-gees/wind-of-change-chords-2384715,Disco,1970
https://tabs.ultimate-guitar.com/tab/bee-gees/spirits-having-flown-chords-2594634,Disco,1970
https://tabs.ultimate-guitar.com/tab/bee-gees/love-so-right-chords-1470071,Disco,1970
https://tabs.ultimate-guitar.com/tab/michael-jackson/one-day-in-your-life-chords-687898,Disco,1970
https://tabs.ultimate-guitar.com/tab/michael-jackson/one-day-in-your-life-chords-995723,Disco,1970
https://tabs.ultimate-guitar.com/tab/michael-jackson/one-day-in-your-life-chords-1709196,Disco,1970
https://tabs.ultimate-guitar.com/tab/chaka-khan/im-every-woman-chords-2222625,Disco,1970
https://tabs.ultimate-guitar.com/tab/abba/voulez-vous-chords-2465708,Disco,1970
https://tabs.ultimate-guitar.com/tab/rose-royce/car-wash-chords-1048109,Disco,1970
https://tabs.ultimate-guitar.com/tab/bee-gees/come-on-over-chords-1930029,Disco,1970
https://tabs.ultimate-guitar.com/tab/bee-gees/how-can-you-mend-a-broken-heart-chords-60777,Disco,1970
https://tabs.ultimate-guitar.com/tab/bee-gees/how-can-you-mend-a-broken-heart-chords-1169546,Disco,1970
https://tabs.ultimate-guitar.com/tab/bee-gees/how-can-you-mend-a-broken-heart-chords-1465961,Disco,1970
https://tabs.ultimate-guitar.com/tab/bee-gees/love-you-inside-out-chords-1740170,Disco,1970
https://tabs.ultimate-guitar.com/tab/boney-m-/el-lute-chords-2371967,Disco,1970
https://tabs.ultimate-guitar.com/tab/village-people/in-the-navy-chords-505,Disco,1970
https://tabs.ultimate-guitar.com/tab/village-people/in-the-navy-chords-2771131,Disco,1970
https://tabs.ultimate-guitar.com/tab/village-people/go-west-chords-1089598,Disco,1970
https://tabs.ultimate-guitar.com/tab/village-people/ymca-chords-1249185,Disco,1970
https://tabs.ultimate-guitar.com/tab/gloria-gaynor/never-can-say-goodbye-chords-3103682,Disco,1970
https://tabs.ultimate-guitar.com/tab/michael-jackson/girlfriend-chords-2336937,Disco,1970
https://tabs.ultimate-guitar.com/tab/bee-gees/children-of-the-world-chords-1055536,Disco,1970
https://tabs.ultimate-guitar.com/tab/kc-and-the-sunshine-band/i-get-lifted-chords-2484137,Disco,1970
https://tabs.ultimate-guitar.com/tab/abba/lovers-live-a-little-longer-chords-20308,Disco,1970
https://tabs.ultimate-guitar.com/tab/elton-john/victim-of-love-chords-2767825,Disco,1970
https://tabs.ultimate-guitar.com/tab/elton-john/victim-of-love-chords-3066245,Disco,1970
https://tabs.ultimate-guitar.com/tab/kc-and-the-sunshine-band/its-the-same-old-song-chords-1199080,Disco,1970
https://tabs.ultimate-guitar.com/tab/abba/chiquitita-chords-1692715,Disco,1970
https://tabs.ultimate-guitar.com/tab/abba/chiquitita-chords-1867723,Disco,1970
https://tabs.ultimate-guitar.com/tab/barry-manilow/when-i-wanted-you-chords-1738902,Disco,1970
https://tabs.ultimate-guitar.com/tab/michael-jackson/rock-with-you-chords-842205,Disco,1970
https://tabs.ultimate-guitar.com/tab/michael-jackson/rock-with-you-chords-2463554,Disco,1970
https://tabs.ultimate-guitar.com/tab/michael-jackson/shes-out-of-my-life-chords-971375,Disco,1970
https://tabs.ultimate-guitar.com/tab/boney-m-/take-the-heat-off-me-chords-3254501,Disco,1970
https://tabs.ultimate-guitar.com/tab/abba/love-isnt-easy-but-it-sure-is-hard-enough-chords-1740468,Disco,1970
https://tabs.ultimate-guitar.com/tab/abba/gonna-sing-you-my-lovesong-chords-1845125,Disco,1970
https://tabs.ultimate-guitar.com/tab/donna-summer/could-it-be-magic-chords-1705895,Disco,1970
https://tabs.ultimate-guitar.com/tab/kc-and-the-sunshine-band/aint-nothin-wrong-chords-266654,Disco,1970
https://tabs.ultimate-guitar.com/tab/abba/people-need-love-chords-1740464,Disco,1970
https://tabs.ultimate-guitar.com/tab/bee-gees/love-so-right-chords-606372,Disco,1970
https://tabs.ultimate-guitar.com/tab/kc-and-the-sunshine-band/boogie-shoes-chords-2904410,Disco,1970
https://tabs.ultimate-guitar.com/tab/bee-gees/my-lovers-prayer-chords-2857817,Disco,1970
https://tabs.ultimate-guitar.com/tab/donna-summer/last-dance-chords-1154078,Disco,1970
https://tabs.ultimate-guitar.com/tab/boney-m-/ribbons-of-blue-chords-2376207,Disco,1970
https://tabs.ultimate-guitar.com/tab/donna-summer/on-the-radio-chords-2528109,Disco,1970
https://tabs.ultimate-guitar.com/tab/donna-summer/bad-girls-chords-2922569,Disco,1970
https://tabs.ultimate-guitar.com/tab/donna-summer/love-to-love-you-baby-chords-1168469,Disco,1970
https://tabs.ultimate-guitar.com/tab/rose-royce/i-wanna-get-next-to-you-chords-1506036,Disco,1970
https://tabs.ultimate-guitar.com/tab/rose-royce/i-wanna-get-next-to-you-chords-1905183,Disco,1970
https://tabs.ultimate-guitar.com/tab/boney-m-/rivers-of-babylon-chords-647293,Disco,1970
https://tabs.ultimate-guitar.com/tab/bee-gees/love-me-chords-1089261,Disco,1970
https://tabs.ultimate-guitar.com/tab/bee-gees/the-way-it-was-chords-3003146,Disco,1970
https://tabs.ultimate-guitar.com/tab/abba/tropical-loveland-chords-33176,Disco,1970
https://tabs.ultimate-guitar.com/tab/bee-gees/edge-of-the-universe-chords-109031,Disco,1970
https://tabs.ultimate-guitar.com/tab/bee-gees/edge-of-the-universe-chords-1470051,Disco,1970
https://tabs.ultimate-guitar.com/tab/bee-gees/jive-talkin-chords-850986,Disco,1970
https://tabs.ultimate-guitar.com/tab/the-stylistics/give-a-little-love-for-love-chords-1206928,Disco,1970
https://tabs.ultimate-guitar.com/tab/donna-summer/love-will-always-find-you-chords-1711315,Disco,1970
https://tabs.ultimate-guitar.com/tab/donna-summer/dim-all-the-lights-chords-1850515,Disco,1970
https://tabs.ultimate-guitar.com/tab/donna-summer/lucky-chords-1694590,Disco,1970
https://tabs.ultimate-guitar.com/tab/donna-summer/sunset-people-chords-1778121,Disco,1970
https://tabs.ultimate-guitar.com/tab/kc-and-the-sunshine-band/im-your-boogie-man-chords-2030055,Disco,1970
https://tabs.ultimate-guitar.com/tab/boney-m-/belfast-chords-2376151,Disco,1970
https://tabs.ultimate-guitar.com/tab/barry-manilow/one-voice-chords-2564673,Disco,1970
https://tabs.ultimate-guitar.com/tab/boney-m-/plantation-boy-chords-1948271,Disco,1970
https://tabs.ultimate-guitar.com/tab/boney-m-/ma-baker-chords-2822456,Disco,1970
https://tabs.ultimate-guitar.com/tab/boney-m-/im-born-again-chords-690656,Disco,1970
https://tabs.ultimate-guitar.com/tab/donna-summer/hot-stuff-chords-1168060,Disco,1970
https://tabs.ultimate-guitar.com/tab/donna-summer/walk-away-chords-1707030,Disco,1970
https://tabs.ultimate-guitar.com/tab/boney-m-/sunny-chords-2773909,Disco,1970
https://tabs.ultimate-guitar.com/tab/village-people/macho-man-chords-1073756,Disco,1970
https://tabs.ultimate-guitar.com/tab/barry-manilow/ships-chords-1180353,Disco,1970
https://tabs.ultimate-guitar.com/tab/barry-manilow/ships-chords-1738594,Disco,1970
https://tabs.ultimate-guitar.com/tab/barry-white/you-see-the-trouble-with-me-chords-2437675,Disco,1970
https://tabs.ultimate-guitar.com/tab/bee-gees/to-love-somebody-chords-1088898,Disco,1960
https://tabs.ultimate-guitar.com/tab/bee-gees/to-love-somebody-chords-16887,Disco,1960
https://tabs.ultimate-guitar.com/tab/bee-gees/words-chords-16889,Disco,1960
https://tabs.ultimate-guitar.com/tab/bee-gees/to-love-somebody-chords-2437013,Disco,1960
https://tabs.ultimate-guitar.com/tab/bee-gees/ive-gotta-get-a-message-to-you-chords-1061793,Disco,1960
https://tabs.ultimate-guitar.com/tab/adriano-celentano/azzurro-chords-1057211,Disco,1960
https://tabs.ultimate-guitar.com/tab/bee-gees/words-chords-1056216,Disco,1960
https://tabs.ultimate-guitar.com/tab/bee-gees/new-york-mining-disaster-1941-chords-16886,Disco,1960
https://tabs.ultimate-guitar.com/tab/bee-gees/to-love-somebody-chords-1509452,Disco,1960
https://tabs.ultimate-guitar.com/tab/bee-gees/words-chords-515973,Disco,1960
https://tabs.ultimate-guitar.com/tab/bee-gees/new-york-mining-disaster-1941-chords-1087965,Disco,1960
https://tabs.ultimate-guitar.com/tab/adriano-celentano/azzurro-chords-64559,Disco,1960
https://tabs.ultimate-guitar.com/tab/adriano-celentano/azzurro-chords-1746746,Disco,1960
https://tabs.ultimate-guitar.com/tab/adriano-celentano/preghero-chords-2587782,Disco,1960
https://tabs.ultimate-guitar.com/tab/bee-gees/ive-gotta-get-a-message-to-you-chords-2702526,Disco,1960
https://tabs.ultimate-guitar.com/tab/bee-gees/to-love-somebody-chords-1861386,Disco,1960
https://tabs.ultimate-guitar.com/tab/adriano-celentano/azzurro-chords-1019730,Disco,1960
https://tabs.ultimate-guitar.com/tab/bee-gees/new-york-mining-disaster-1941-chords-2085289,Disco,1960
https://tabs.ultimate-guitar.com/tab/gloria-gaynor/i-will-survive-chords-991389,Disco,1940
https://tabs.ultimate-guitar.com/tab/abba/mamma-mia-chords-52949,Disco,1940
https://tabs.ultimate-guitar.com/tab/daft-punk/get-lucky-chords-1239950,Disco,1940
https://tabs.ultimate-guitar.com/tab/gloria-gaynor/i-will-survive-chords-154172,Disco,1940
https://tabs.ultimate-guitar.com/tab/gloria-gaynor/never-can-say-goodbye-chords-1000040,Disco,1940
https://tabs.ultimate-guitar.com/tab/bee-gees/to-love-somebody-chords-1088898,Disco,1940
https://tabs.ultimate-guitar.com/tab/abba/mamma-mia-chords-709013,Disco,1940
https://tabs.ultimate-guitar.com/tab/bee-gees/to-love-somebody-chords-16887,Disco,1940
https://tabs.ultimate-guitar.com/tab/abba/lay-all-your-love-on-me-chords-1798288,Disco,1940
https://tabs.ultimate-guitar.com/tab/abba/chiquitita-chords-1044057,Disco,1940
https://tabs.ultimate-guitar.com/tab/kylie-minogue/cant-get-you-out-of-my-head-chords-1194736,Disco,1940
https://tabs.ultimate-guitar.com/tab/daft-punk/instant-crush-chords-1251499,Disco,1940
https://tabs.ultimate-guitar.com/tab/abba/fernando-chords-52945,Disco,1940
https://tabs.ultimate-guitar.com/tab/bee-gees/words-chords-16889,Disco,1940
https://tabs.ultimate-guitar.com/tab/wild-cherry/play-that-funky-music-chords-1397383,Disco,1940
https://tabs.ultimate-guitar.com/tab/boney-m-/rasputin-chords-1230089,Disco,1940
https://tabs.ultimate-guitar.com/tab/michael-jackson/rock-with-you-chords-574520,Disco,1940
https://tabs.ultimate-guitar.com/tab/bee-gees/how-can-you-mend-a-broken-heart-chords-1464218,Disco,1940
https://tabs.ultimate-guitar.com/tab/daft-punk/get-lucky-chords-1239902,Disco,1940
https://tabs.ultimate-guitar.com/tab/billy-ocean/love-really-hurts-without-you-chords-1072903,Disco,1940
https://tabs.ultimate-guitar.com/tab/bee-gees/too-much-heaven-chords-1700055,Disco,1940
https://tabs.ultimate-guitar.com/tab/abba/ive-been-waiting-for-you-chords-1787946,Disco,1940
https://tabs.ultimate-guitar.com/tab/modern-talking/youre-my-heart-youre-my-soul-chords-1713122,Disco,1940
https://tabs.ultimate-guitar.com/tab/boney-m-/sunny-chords-533619,Disco,1940
https://tabs.ultimate-guitar.com/tab/billy-ocean/red-light-spells-danger-chords-1405475,Disco,1940
https://tabs.ultimate-guitar.com/tab/bee-gees/to-love-somebody-chords-2437013,Disco,1940
https://tabs.ultimate-guitar.com/tab/sister-sledge/we-are-family-chords-522647,Disco,1940
https://tabs.ultimate-guitar.com/tab/boney-m-/rivers-of-babylon-chords-1458631,Disco,1940
https://tabs.ultimate-guitar.com/tab/abba/mamma-mia-chords-2434985,Disco,1940
https://tabs.ultimate-guitar.com/tab/village-people/ymca-chords-281837,Disco,1940
https://tabs.ultimate-guitar.com/tab/abba/my-love-my-life-chords-1099662,Disco,1940
https://tabs.ultimate-guitar.com/tab/abba/fernando-chords-619831,Disco,1940
https://tabs.ultimate-guitar.com/tab/bee-gees/ive-gotta-get-a-message-to-you-chords-1061793,Disco,1940
https://tabs.ultimate-guitar.com/tab/bee-gees/how-can-you-mend-a-broken-heart-chords-926991,Disco,1940
https://tabs.ultimate-guitar.com/tab/donna-summer/hot-stuff-chords-1170084,Disco,1940
https://tabs.ultimate-guitar.com/tab/boney-m-/daddy-cool-chords-1801598,Disco,1940
https://tabs.ultimate-guitar.com/tab/pointer-sisters/im-so-excited-chords-956261,Disco,1940
https://tabs.ultimate-guitar.com/tab/daft-punk/lose-yourself-to-dance-chords-1419881,Disco,1940
https://tabs.ultimate-guitar.com/tab/lipps-inc-/funkytown-chords-1159823,Disco,1940
https://tabs.ultimate-guitar.com/tab/abba/chiquitita-chords-18437,Disco,1940
https://tabs.ultimate-guitar.com/tab/abba/voulez-vous-chords-356697,Disco,1940
https://tabs.ultimate-guitar.com/tab/modern-talking/brother-louie-chords-700253,Disco,1940
https://tabs.ultimate-guitar.com/tab/abba/lay-all-your-love-on-me-chords-2089131,Disco,1940
https://tabs.ultimate-guitar.com/tab/adriano-celentano/azzurro-chords-1057211,Disco,1940
https://tabs.ultimate-guitar.com/tab/jamiroquai/seven-days-in-sunny-june-chords-565579,Disco,1940
https://tabs.ultimate-guitar.com/tab/abba/fernando-chords-2567184,Disco,1940
https://tabs.ultimate-guitar.com/tab/modern-talking/cheri-cheri-lady-chords-488020,Disco,1940
https://tabs.ultimate-guitar.com/tab/bee-gees/words-chords-1056216,Disco,1940
https://tabs.ultimate-guitar.com/tab/abba/the-name-of-the-game-chords-1845296,Disco,1940
https://tabs.ultimate-guitar.com/tab/donna-summer/i-feel-love-chords-2337265,Disco,1940
https://tabs.ultimate-guitar.com/tab/village-people/ymca-chords-1056238,Disco,1940
https://tabs.ultimate-guitar.com/tab/michael-jackson/rock-with-you-chords-212732,Disco,1940
https://tabs.ultimate-guitar.com/tab/bee-gees/too-much-heaven-chords-16888,Disco,1940
https://tabs.ultimate-guitar.com/tab/bee-gees/nights-on-broadway-chords-1050902,Disco,1940
https://tabs.ultimate-guitar.com/tab/355620,Disco,1940
https://tabs.ultimate-guitar.com/tab/kc-and-the-sunshine-band/give-it-up-chords-662170,Disco,1940
https://tabs.ultimate-guitar.com/tab/daft-punk/within-chords-1247611,Disco,1940
https://tabs.ultimate-guitar.com/tab/abba/chiquitita-chords-619830,Disco,1940
https://tabs.ultimate-guitar.com/tab/abba/the-name-of-the-game-chords-1726629,Disco,1940
https://tabs.ultimate-guitar.com/tab/earth-wind-fire/boogie-wonderland-chords-2014991,Disco,1940
https://tabs.ultimate-guitar.com/tab/carl-douglas/kung-fu-fighting-chords-67204,Disco,1940
https://tabs.ultimate-guitar.com/tab/bee-gees/new-york-mining-disaster-1941-chords-16886,Disco,1940
https://tabs.ultimate-guitar.com/tab/bee-gees/to-love-somebody-chords-1509452,Disco,1940
https://tabs.ultimate-guitar.com/tab/bee-gees/tragedy-chords-43347,Disco,1940
https://tabs.ultimate-guitar.com/tab/billy-ocean/love-really-hurts-without-you-chords-1182728,Disco,1940
https://tabs.ultimate-guitar.com/tab/chic/le-freak-chords-1994175,Disco,1940
https://tabs.ultimate-guitar.com/tab/daft-punk/instant-crush-chords-2408791,Disco,1940
https://tabs.ultimate-guitar.com/tab/daft-punk/touch-chords-1246878,Disco,1940
https://tabs.ultimate-guitar.com/tab/diana-ross/upside-down-chords-354251,Disco,1940
https://tabs.ultimate-guitar.com/tab/kylie-minogue/cant-get-you-out-of-my-head-chords-1248558,Disco,1940
https://tabs.ultimate-guitar.com/tab/donna-summer/she-works-hard-for-the-money-chords-1485525,Disco,1940
https://tabs.ultimate-guitar.com/tab/donna-summer/bad-girls-chords-1168463,Disco,1940
https://tabs.ultimate-guitar.com/tab/bee-gees/you-should-be-dancing-chords-1874926,Disco,1940
https://tabs.ultimate-guitar.com/tab/bee-gees/words-chords-515973,Disco,1940
https://tabs.ultimate-guitar.com/tab/bee-gees/new-york-mining-disaster-1941-chords-1087965,Disco,1940
https://tabs.ultimate-guitar.com/tab/bee-gees/jive-talkin-chords-986280,Disco,1940
https://tabs.ultimate-guitar.com/tab/kc-and-the-sunshine-band/im-your-boogie-man-chords-2027037,Disco,1940
https://tabs.ultimate-guitar.com/tab/modern-talking/youre-my-heart-youre-my-soul-chords-488419,Disco,1940
https://tabs.ultimate-guitar.com/tab/adriano-celentano/azzurro-chords-64559,Disco,1940
https://tabs.ultimate-guitar.com/tab/chic/i-want-your-love-chords-1997781,Disco,1940
https://tabs.ultimate-guitar.com/tab/daft-punk/get-lucky-chords-1240260,Disco,1940
https://tabs.ultimate-guitar.com/tab/daft-punk/get-lucky-chords-1239507,Disco,1940
https://tabs.ultimate-guitar.com/tab/jamiroquai/seven-days-in-sunny-june-chords-1057630,Disco,1940
https://tabs.ultimate-guitar.com/tab/michael-jackson/i-cant-help-it-chords-968175,Disco,1940
https://tabs.ultimate-guitar.com/tab/kylie-minogue/in-your-eyes-chords-75981,Disco,1940
https://tabs.ultimate-guitar.com/tab/diana-ross/im-coming-out-chords-2745609,Disco,1940
https://tabs.ultimate-guitar.com/tab/bee-gees/nights-on-broadway-chords-1700059,Disco,1940
https://tabs.ultimate-guitar.com/tab/kylie-minogue/love-at-first-sight-chords-1515309,Disco,1940
https://tabs.ultimate-guitar.com/tab/abba/the-name-of-the-game-chords-59790,Disco,1940
https://tabs.ultimate-guitar.com/tab/bee-gees/tragedy-chords-1857775,Disco,1940
https://tabs.ultimate-guitar.com/tab/kc-and-the-sunshine-band/shake-your-booty-chords-1504984,Disco,1940
https://tabs.ultimate-guitar.com/tab/adriano-celentano/azzurro-chords-1746746,Disco,1940
https://tabs.ultimate-guitar.com/tab/adriano-celentano/preghero-chords-2587782,Disco,1940
https://tabs.ultimate-guitar.com/tab/daft-punk/fragments-of-time-chords-1252015,Disco,1940
https://tabs.ultimate-guitar.com/tab/kc-and-the-sunshine-band/please-dont-go-chords-1460603,Disco,1940
https://tabs.ultimate-guitar.com/tab/kc-and-the-sunshine-band/boogie-shoes-chords-1189949,Disco,1940
https://tabs.ultimate-guitar.com/tab/donna-summer/last-dance-chords-1746216,Disco,1940
https://tabs.ultimate-guitar.com/tab/donna-summer/on-the-radio-chords-1095781,Disco,1940
https://tabs.ultimate-guitar.com/tab/kc-and-the-sunshine-band/thats-the-way-i-like-it-chords-1505169,Disco,1940
https://tabs.ultimate-guitar.com/tab/kylie-minogue/come-into-my-world-chords-877134,Disco,1940
https://tabs.ultimate-guitar.com/tab/modern-talking/brother-louie-chords-2635434,Disco,1940
https://tabs.ultimate-guitar.com/tab/chic/everybody-dance-chords-3095834,Disco,1940
https://tabs.ultimate-guitar.com/tab/boney-m-/daddy-cool-chords-3012836,Disco,1940
https://tabs.ultimate-guitar.com/tab/boney-m-/brown-girl-in-the-ring-chords-533621,Disco,1940
https://tabs.ultimate-guitar.com/tab/kc-and-the-sunshine-band/keep-it-coming-love-chords-1189939,Disco,1940
https://tabs.ultimate-guitar.com/tab/gloria-gaynor/i-will-survive-chords-3200387,Disco,1940
https://tabs.ultimate-guitar.com/tab/michael-jackson/shes-out-of-my-life-chords-860120,Disco,1940
https://tabs.ultimate-guitar.com/tab/michael-jackson/shes-out-of-my-life-chords-956975,Disco,1940
https://tabs.ultimate-guitar.com/tab/abba/kisses-of-fire-chords-2003489,Disco,1940
https://tabs.ultimate-guitar.com/tab/daft-punk/give-life-back-to-music-chords-2539818,Disco,1940
https://tabs.ultimate-guitar.com/tab/jamiroquai/summer-girl-chords-1983441,Disco,1940
https://tabs.ultimate-guitar.com/tab/diana-ross/im-coming-out-chords-2818442,Disco,1940
https://tabs.ultimate-guitar.com/tab/diana-ross/upside-down-chords-1495111,Disco,1940
https://tabs.ultimate-guitar.com/tab/michael-jackson/dont-stop-til-you-get-enough-chords-212729,Disco,1940
https://tabs.ultimate-guitar.com/tab/bee-gees/lonely-days-chords-277525,Disco,1940
https://tabs.ultimate-guitar.com/tab/kylie-minogue/cant-get-you-out-of-my-head-chords-28310,Disco,1940
https://tabs.ultimate-guitar.com/tab/chaka-khan/im-every-woman-chords-855808,Disco,1940
https://tabs.ultimate-guitar.com/tab/abba/fernando-chords-1045009,Disco,1940
https://tabs.ultimate-guitar.com/tab/modern-talking/cheri-cheri-lady-chords-1471690,Disco,1940
https://tabs.ultimate-guitar.com/tab/rose-royce/wishing-on-a-star-chords-847395,Disco,1940
https://tabs.ultimate-guitar.com/tab/boney-m-/ma-baker-chords-529440,Disco,1940
https://tabs.ultimate-guitar.com/tab/billy-ocean/love-really-hurts-without-you-chords-939900,Disco,1940
https://tabs.ultimate-guitar.com/tab/modern-talking/you-can-win-if-you-want-chords-1462107,Disco,1940
https://tabs.ultimate-guitar.com/tab/donna-summer/hot-stuff-chords-450530,Disco,1940
https://tabs.ultimate-guitar.com/tab/boney-m-/daddy-cool-chords-2835962,Disco,1940
https://tabs.ultimate-guitar.com/tab/boney-m-/sunny-chords-423013,Disco,1940
https://tabs.ultimate-guitar.com/tab/boney-m-/sunny-chords-748716,Disco,1940
https://tabs.ultimate-guitar.com/tab/boney-m-/bahama-mama-chords-1433961,Disco,1940
https://tabs.ultimate-guitar.com/tab/village-people/ymca-chords-888716,Disco,1940
https://tabs.ultimate-guitar.com/tab/kc-and-the-sunshine-band/get-down-tonight-chords-1170323,Disco,1940
https://tabs.ultimate-guitar.com/tab/kc-and-the-sunshine-band/get-down-tonight-chords-1504960,Disco,1940
https://tabs.ultimate-guitar.com/tab/daft-punk/lose-yourself-to-dance-chords-1433304,Disco,1940
https://tabs.ultimate-guitar.com/tab/daft-punk/fragments-of-time-chords-1418810,Disco,1940
https://tabs.ultimate-guitar.com/tab/jamiroquai/starchild-chords-1021742,Disco,1940
https://tabs.ultimate-guitar.com/tab/kylie-minogue/in-your-eyes-chords-491067,Disco,1940
https://tabs.ultimate-guitar.com/tab/kylie-minogue/in-your-eyes-chords-795241,Disco,1940
https://tabs.ultimate-guitar.com/tab/michael-jackson/off-the-wall-chords-1155778,Disco,1940
https://tabs.ultimate-guitar.com/tab/michael-jackson/rock-with-you-chords-1898135,Disco,1940
https://tabs.ultimate-guitar.com/tab/michael-jackson/rock-with-you-chords-2964329,Disco,1940
https://tabs.ultimate-guitar.com/tab/michael-jackson/shes-out-of-my-life-chords-1041682,Disco,1940
https://tabs.ultimate-guitar.com/tab/johnny-mathis/the-last-time-i-felt-like-this-chords-2293847,Disco,1940
https://tabs.ultimate-guitar.com/tab/modern-talking/heaven-will-know-chords-1462117,Disco,1940
https://tabs.ultimate-guitar.com/tab/carl-douglas/kung-fu-fighting-chords-1802307,Disco,1940
https://tabs.ultimate-guitar.com/tab/bee-gees/wind-of-change-chords-2384715,Disco,1940
https://tabs.ultimate-guitar.com/tab/daft-punk/touch-chords-1481273,Disco,1940
https://tabs.ultimate-guitar.com/tab/daft-punk/doin-it-right-chords-1406211,Disco,1940
https://tabs.ultimate-guitar.com/tab/jamiroquai/cloud-9-chords-1961999,Disco,1940
https://tabs.ultimate-guitar.com/tab/bee-gees/spirits-having-flown-chords-2594634,Disco,1940
https://tabs.ultimate-guitar.com/tab/bee-gees/love-so-right-chords-1470071,Disco,1940
https://tabs.ultimate-guitar.com/tab/michael-jackson/one-day-in-your-life-chords-687898,Disco,1940
https://tabs.ultimate-guitar.com/tab/michael-jackson/one-day-in-your-life-chords-995723,Disco,1940
https://tabs.ultimate-guitar.com/tab/michael-jackson/one-day-in-your-life-chords-1709196,Disco,1940
https://tabs.ultimate-guitar.com/tab/kylie-minogue/love-at-first-sight-chords-705227,Disco,1940
https://tabs.ultimate-guitar.com/tab/chaka-khan/im-every-woman-chords-2222625,Disco,1940
https://tabs.ultimate-guitar.com/tab/donna-summer/this-time-i-know-its-for-real-chords-1239804,Disco,1940
https://tabs.ultimate-guitar.com/tab/abba/voulez-vous-chords-2465708,Disco,1940
https://tabs.ultimate-guitar.com/tab/modern-talking/geronimos-cadillac-chords-625958,Disco,1940
https://tabs.ultimate-guitar.com/tab/hedley/anything-chords-1416881,Disco,1940
https://tabs.ultimate-guitar.com/tab/hedley/crazy-for-you-chords-1468280,Disco,1940
https://tabs.ultimate-guitar.com/tab/hedley/beautiful-girl-chords-1470149,Disco,1940
https://tabs.ultimate-guitar.com/tab/bee-gees/ive-gotta-get-a-message-to-you-chords-2702526,Disco,1940
https://tabs.ultimate-guitar.com/tab/bee-gees/to-love-somebody-chords-1861386,Disco,1940
https://tabs.ultimate-guitar.com/tab/rose-royce/car-wash-chords-1048109,Disco,1940
https://tabs.ultimate-guitar.com/tab/bee-gees/come-on-over-chords-1930029,Disco,1940
https://tabs.ultimate-guitar.com/tab/bee-gees/how-can-you-mend-a-broken-heart-chords-60777,Disco,1940
https://tabs.ultimate-guitar.com/tab/bee-gees/how-can-you-mend-a-broken-heart-chords-1169546,Disco,1940
https://tabs.ultimate-guitar.com/tab/bee-gees/how-can-you-mend-a-broken-heart-chords-1465961,Disco,1940
https://tabs.ultimate-guitar.com/tab/bee-gees/love-you-inside-out-chords-1740170,Disco,1940
https://tabs.ultimate-guitar.com/tab/boney-m-/el-lute-chords-2371967,Disco,1940
https://tabs.ultimate-guitar.com/tab/adriano-celentano/azzurro-chords-1019730,Disco,1940
https://tabs.ultimate-guitar.com/tab/village-people/in-the-navy-chords-505,Disco,1940
https://tabs.ultimate-guitar.com/tab/village-people/in-the-navy-chords-2771131,Disco,1940
https://tabs.ultimate-guitar.com/tab/village-people/go-west-chords-1089598,Disco,1940
https://tabs.ultimate-guitar.com/tab/village-people/ymca-chords-1249185,Disco,1940
https://tabs.ultimate-guitar.com/tab/pointer-sisters/im-so-excited-chords-2238747,Disco,1940
https://tabs.ultimate-guitar.com/tab/gloria-gaynor/never-can-say-goodbye-chords-3103682,Disco,1940
https://tabs.ultimate-guitar.com/tab/gloria-gaynor/i-am-what-i-am-chords-1395995,Disco,1940
https://tabs.ultimate-guitar.com/tab/daft-punk/get-lucky-chords-1409157,Disco,1940
https://tabs.ultimate-guitar.com/tab/daft-punk/lose-yourself-to-dance-chords-2092845,Disco,1940
https://tabs.ultimate-guitar.com/tab/jamiroquai/seven-days-in-sunny-june-chords-1021777,Disco,1940
https://tabs.ultimate-guitar.com/tab/hedley/pocket-full-of-dreams-chords-1459909,Disco,1940
https://tabs.ultimate-guitar.com/tab/hedley/pocket-full-of-dreams-chords-2089257,Disco,1940
https://tabs.ultimate-guitar.com/tab/daft-punk/within-chords-1418818,Disco,1940
https://tabs.ultimate-guitar.com/tab/scissor-sisters/whole-new-way-chords-1786443,Disco,1940
https://tabs.ultimate-guitar.com/tab/scissor-sisters/fire-with-fire-chords-962002,Disco,1940
https://tabs.ultimate-guitar.com/tab/scissor-sisters/fire-with-fire-chords-970650,Disco,1940
https://tabs.ultimate-guitar.com/tab/scissor-sisters/fire-with-fire-chords-1004470,Disco,1940
https://tabs.ultimate-guitar.com/tab/scissor-sisters/skin-tight-chords-1090074,Disco,1940
https://tabs.ultimate-guitar.com/tab/michael-jackson/girlfriend-chords-2336937,Disco,1940
https://tabs.ultimate-guitar.com/tab/bee-gees/children-of-the-world-chords-1055536,Disco,1940
https://tabs.ultimate-guitar.com/tab/kc-and-the-sunshine-band/i-get-lifted-chords-2484137,Disco,1940
https://tabs.ultimate-guitar.com/tab/abba/lovers-live-a-little-longer-chords-20308,Disco,1940
https://tabs.ultimate-guitar.com/tab/modern-talking/who-will-save-the-world-chords-2682714,Disco,1940
https://tabs.ultimate-guitar.com/tab/lipps-inc-/funkytown-chords-2740812,Disco,1940
https://tabs.ultimate-guitar.com/tab/elton-john/victim-of-love-chords-2767825,Disco,1940
https://tabs.ultimate-guitar.com/tab/elton-john/victim-of-love-chords-3066245,Disco,1940
https://tabs.ultimate-guitar.com/tab/abba/me-and-i-chords-32030,Disco,1940
https://tabs.ultimate-guitar.com/tab/kc-and-the-sunshine-band/its-the-same-old-song-chords-1199080,Disco,1940
https://tabs.ultimate-guitar.com/tab/jamiroquai/world-that-he-wants-chords-1187590,Disco,1940
https://tabs.ultimate-guitar.com/tab/jamiroquai/hot-tequila-brown-chords-2178509,Disco,1940
https://tabs.ultimate-guitar.com/tab/abba/chiquitita-chords-1692715,Disco,1940
https://tabs.ultimate-guitar.com/tab/abba/chiquitita-chords-1867723,Disco,1940
https://tabs.ultimate-guitar.com/tab/donna-summer/romeo-chords-1729931,Disco,1940
https://tabs.ultimate-guitar.com/tab/lipps-inc-/designer-music-chords-1847760,Disco,1940
https://tabs.ultimate-guitar.com/tab/barry-manilow/when-i-wanted-you-chords-1738902,Disco,1940
https://tabs.ultimate-guitar.com/tab/kylie-minogue/in-your-eyes-chords-2740779,Disco,1940
https://tabs.ultimate-guitar.com/tab/diana-ross/my-old-piano-chords-1734666,Disco,1940
https://tabs.ultimate-guitar.com/tab/michael-jackson/rock-with-you-chords-842205,Disco,1940
https://tabs.ultimate-guitar.com/tab/michael-jackson/rock-with-you-chords-2463554,Disco,1940
https://tabs.ultimate-guitar.com/tab/michael-jackson/shes-out-of-my-life-chords-971375,Disco,1940
https://tabs.ultimate-guitar.com/tab/boney-m-/take-the-heat-off-me-chords-3254501,Disco,1940
https://tabs.ultimate-guitar.com/tab/abba/love-isnt-easy-but-it-sure-is-hard-enough-chords-1740468,Disco,1940
https://tabs.ultimate-guitar.com/tab/abba/gonna-sing-you-my-lovesong-chords-1845125,Disco,1940
https://tabs.ultimate-guitar.com/tab/donna-summer/could-it-be-magic-chords-1705895,Disco,1940
https://tabs.ultimate-guitar.com/tab/daft-punk/touch-chords-1424938,Disco,1940
https://tabs.ultimate-guitar.com/tab/daft-punk/doin-it-right-chords-1252167,Disco,1940
https://tabs.ultimate-guitar.com/tab/jamiroquai/shake-it-on-chords-2007405,Disco,1940
https://tabs.ultimate-guitar.com/tab/jamiroquai/automaton-chords-1942161,Disco,1940
https://tabs.ultimate-guitar.com/tab/jamiroquai/superfresh-chords-1982567,Disco,1940
https://tabs.ultimate-guitar.com/tab/jamiroquai/hot-property-chords-1982559,Disco,1940
https://tabs.ultimate-guitar.com/tab/jamiroquai/something-about-you-chords-1982551,Disco,1940
https://tabs.ultimate-guitar.com/tab/jamiroquai/nights-out-in-the-jungle-chords-1983411,Disco,1940
https://tabs.ultimate-guitar.com/tab/jamiroquai/dr-buzz-chords-1982591,Disco,1940
https://tabs.ultimate-guitar.com/tab/jamiroquai/we-can-do-it-chords-1982581,Disco,1940
https://tabs.ultimate-guitar.com/tab/jamiroquai/vitamin-chords-1981657,Disco,1940
https://tabs.ultimate-guitar.com/tab/jamiroquai/vitamin-chords-2006585,Disco,1940
https://tabs.ultimate-guitar.com/tab/jamiroquai/carla-chords-3218843,Disco,1940
https://tabs.ultimate-guitar.com/tab/modern-talking/do-you-wanna-chords-1462111,Disco,1940
https://tabs.ultimate-guitar.com/tab/diana-ross/upside-down-chords-1787349,Disco,1940
https://tabs.ultimate-guitar.com/tab/kc-and-the-sunshine-band/aint-nothin-wrong-chords-266654,Disco,1940
https://tabs.ultimate-guitar.com/tab/modern-talking/the-night-is-yours-the-night-is-mine-chords-1462110,Disco,1940
https://tabs.ultimate-guitar.com/tab/abba/people-need-love-chords-1740464,Disco,1940
https://tabs.ultimate-guitar.com/tab/bee-gees/love-so-right-chords-606372,Disco,1940
https://tabs.ultimate-guitar.com/tab/sister-sledge/all-american-girls-chords-3229412,Disco,1940
https://tabs.ultimate-guitar.com/tab/sister-sledge/got-to-love-somebody-chords-3231563,Disco,1940
https://tabs.ultimate-guitar.com/tab/kylie-minogue/cant-get-you-out-of-my-head-chords-1091618,Disco,1940
https://tabs.ultimate-guitar.com/tab/kylie-minogue/cant-get-you-out-of-my-head-chords-1121469,Disco,1940
https://tabs.ultimate-guitar.com/tab/kylie-minogue/no-more-rain-chords-1084103,Disco,1940
https://tabs.ultimate-guitar.com/tab/kc-and-the-sunshine-band/boogie-shoes-chords-2904410,Disco,1940
https://tabs.ultimate-guitar.com/tab/bee-gees/my-lovers-prayer-chords-2857817,Disco,1940
https://tabs.ultimate-guitar.com/tab/donna-summer/last-dance-chords-1154078,Disco,1940
https://tabs.ultimate-guitar.com/tab/boney-m-/ribbons-of-blue-chords-2376207,Disco,1940
https://tabs.ultimate-guitar.com/tab/donna-summer/on-the-radio-chords-2528109,Disco,1940
https://tabs.ultimate-guitar.com/tab/modern-talking/diamonds-never-made-a-lady-chords-1462109,Disco,1940
https://tabs.ultimate-guitar.com/tab/modern-talking/theres-too-much-blue-in-missing-you-chords-1462108,Disco,1940
https://tabs.ultimate-guitar.com/tab/donna-summer/bad-girls-chords-2922569,Disco,1940
https://tabs.ultimate-guitar.com/tab/donna-summer/love-to-love-you-baby-chords-1168469,Disco,1940
https://tabs.ultimate-guitar.com/tab/rose-royce/i-wanna-get-next-to-you-chords-1506036,Disco,1940
https://tabs.ultimate-guitar.com/tab/rose-royce/i-wanna-get-next-to-you-chords-1905183,Disco,1940
https://tabs.ultimate-guitar.com/tab/boney-m-/breakaway-chords-767862,Disco,1940
https://tabs.ultimate-guitar.com/tab/boney-m-/rivers-of-babylon-chords-647293,Disco,1940
https://tabs.ultimate-guitar.com/tab/hedley/anything-chords-1418597,Disco,1940
https://tabs.ultimate-guitar.com/tab/hedley/anything-chords-1433524,Disco,1940
https://tabs.ultimate-guitar.com/tab/hedley/crazy-for-you-chords-1468953,Disco,1940
https://tabs.ultimate-guitar.com/tab/hedley/headphones-chords-1510260,Disco,1940
https://tabs.ultimate-guitar.com/tab/hedley/heaven-in-our-headlights-chords-1504543,Disco,1940
https://tabs.ultimate-guitar.com/tab/hedley/dreamings-for-sleeping-chords-1477275,Disco,1940
https://tabs.ultimate-guitar.com/tab/hedley/wild-life-chords-1445329,Disco,1940
https://tabs.ultimate-guitar.com/tab/hedley/got-love-chords-1489329,Disco,1940
https://tabs.ultimate-guitar.com/tab/hedley/all-the-way-chords-1443202,Disco,1940
https://tabs.ultimate-guitar.com/tab/hedley/all-the-way-chords-1744613,Disco,1940
https://tabs.ultimate-guitar.com/tab/hedley/top-of-the-world-chords-1487422,Disco,1940
https://tabs.ultimate-guitar.com/tab/hedley/beautiful-girl-chords-1508404,Disco,1940
https://tabs.ultimate-guitar.com/tab/hedley/parade-rain-chords-1453611,Disco,1940
https://tabs.ultimate-guitar.com/tab/bee-gees/love-me-chords-1089261,Disco,1940
https://tabs.ultimate-guitar.com/tab/bee-gees/the-way-it-was-chords-3003146,Disco,1940
https://tabs.ultimate-guitar.com/tab/abba/tropical-loveland-chords-33176,Disco,1940
https://tabs.ultimate-guitar.com/tab/bee-gees/new-york-mining-disaster-1941-chords-2085289,Disco,1940
https://tabs.ultimate-guitar.com/tab/bee-gees/edge-of-the-universe-chords-109031,Disco,1940
https://tabs.ultimate-guitar.com/tab/bee-gees/edge-of-the-universe-chords-1470051,Disco,1940
https://tabs.ultimate-guitar.com/tab/bee-gees/jive-talkin-chords-850986,Disco,1940
https://tabs.ultimate-guitar.com/tab/the-stylistics/give-a-little-love-for-love-chords-1206928,Disco,1940
https://tabs.ultimate-guitar.com/tab/donna-summer/love-will-always-find-you-chords-1711315,Disco,1940
https://tabs.ultimate-guitar.com/tab/donna-summer/dim-all-the-lights-chords-1850515,Disco,1940
https://tabs.ultimate-guitar.com/tab/donna-summer/lucky-chords-1694590,Disco,1940
https://tabs.ultimate-guitar.com/tab/donna-summer/sunset-people-chords-1778121,Disco,1940
https://tabs.ultimate-guitar.com/tab/modern-talking/one-in-a-million-chords-1462113,Disco,1940
https://tabs.ultimate-guitar.com/tab/modern-talking/bells-of-paris-chords-1462114,Disco,1940
https://tabs.ultimate-guitar.com/tab/kc-and-the-sunshine-band/im-your-boogie-man-chords-2030055,Disco,1940
https://tabs.ultimate-guitar.com/tab/boney-m-/belfast-chords-2376151,Disco,1940
https://tabs.ultimate-guitar.com/tab/barry-manilow/one-voice-chords-2564673,Disco,1940
https://tabs.ultimate-guitar.com/tab/boney-m-/plantation-boy-chords-1948271,Disco,1940
https://tabs.ultimate-guitar.com/tab/boney-m-/ma-baker-chords-2822456,Disco,1940
https://tabs.ultimate-guitar.com/tab/boney-m-/im-born-again-chords-690656,Disco,1940
https://tabs.ultimate-guitar.com/tab/kylie-minogue/come-into-my-world-chords-1200873,Disco,1940
https://tabs.ultimate-guitar.com/tab/modern-talking/lucky-guy-chords-1462112,Disco,1940
https://tabs.ultimate-guitar.com/tab/modern-talking/dont-worry-chords-1462116,Disco,1940
https://tabs.ultimate-guitar.com/tab/donna-summer/hot-stuff-chords-1168060,Disco,1940
https://tabs.ultimate-guitar.com/tab/donna-summer/walk-away-chords-1707030,Disco,1940
https://tabs.ultimate-guitar.com/tab/boney-m-/sunny-chords-2773909,Disco,1940
https://tabs.ultimate-guitar.com/tab/village-people/macho-man-chords-1073756,Disco,1940
https://tabs.ultimate-guitar.com/tab/kylie-minogue/fever-chords-1971061,Disco,1940
https://tabs.ultimate-guitar.com/tab/kylie-minogue/fragile-chords-1489458,Disco,1940
https://tabs.ultimate-guitar.com/tab/kylie-minogue/your-love-chords-3118763,Disco,1940
https://tabs.ultimate-guitar.com/tab/pointer-sisters/im-so-excited-chords-654252,Disco,1940
https://tabs.ultimate-guitar.com/tab/barry-manilow/ships-chords-1180353,Disco,1940
https://tabs.ultimate-guitar.com/tab/barry-manilow/ships-chords-1738594,Disco,1940
https://tabs.ultimate-guitar.com/tab/barry-white/you-see-the-trouble-with-me-chords-2437675,Disco,1940
