https://tabs.ultimate-guitar.com/tab/melvins/sober-delic-acid-only-chords-2848037,Experimental,2010
https://tabs.ultimate-guitar.com/tab/james/say-something-chords-1972249,Experimental,1990
https://tabs.ultimate-guitar.com/tab/james/tomorrow-chords-136346,Experimental,1990
https://tabs.ultimate-guitar.com/tab/james/tomorrow-chords-1200612,Experimental,1990
https://tabs.ultimate-guitar.com/tab/scott-walker/tilt-chords-758953,Experimental,1990
https://tabs.ultimate-guitar.com/tab/scott-walker/farmer-in-the-city-chords-1197068,Experimental,1990
https://tabs.ultimate-guitar.com/tab/scott-walker/farmer-in-the-city-chords-1724805,Experimental,1990
https://tabs.ultimate-guitar.com/tab/scott-walker/lights-of-cincinnati-chords-801312,Experimental,1990
https://tabs.ultimate-guitar.com/tab/scott-walker/lights-of-cincinnati-chords-1741564,Experimental,1990
https://tabs.ultimate-guitar.com/tab/james/tomorrow-chords-34948,Experimental,1990
https://tabs.ultimate-guitar.com/tab/james/tomorrow-chords-614964,Experimental,1990
https://tabs.ultimate-guitar.com/tab/scott-walker/rosary-chords-1724809,Experimental,1990
https://tabs.ultimate-guitar.com/tab/yello/eternal-legs-chords-2627826,Experimental,1980
https://tabs.ultimate-guitar.com/tab/kraftwerk/autobahn-chords-2260889,Experimental,1970
https://tabs.ultimate-guitar.com/tab/kraftwerk/kometenmelodie-2-chords-1827092,Experimental,1970
https://tabs.ultimate-guitar.com/tab/pink-floyd/astronomy-domine-chords-43489,Experimental,1960
https://tabs.ultimate-guitar.com/tab/pink-floyd/grantchester-meadows-chords-44531,Experimental,1960
https://tabs.ultimate-guitar.com/tab/pink-floyd/set-the-controls-for-the-heart-of-the-sun-chords-43456,Experimental,1960
https://tabs.ultimate-guitar.com/tab/james/say-something-chords-1972249,Experimental,1940
https://tabs.ultimate-guitar.com/tab/james/tomorrow-chords-136346,Experimental,1940
https://tabs.ultimate-guitar.com/tab/pink-floyd/astronomy-domine-chords-43489,Experimental,1940
https://tabs.ultimate-guitar.com/tab/pink-floyd/grantchester-meadows-chords-44531,Experimental,1940
https://tabs.ultimate-guitar.com/tab/kraftwerk/autobahn-chords-2260889,Experimental,1940
https://tabs.ultimate-guitar.com/tab/pink-floyd/set-the-controls-for-the-heart-of-the-sun-chords-43456,Experimental,1940
https://tabs.ultimate-guitar.com/tab/james/tomorrow-chords-1200612,Experimental,1940
https://tabs.ultimate-guitar.com/tab/melvins/sober-delic-acid-only-chords-2848037,Experimental,1940
https://tabs.ultimate-guitar.com/tab/yello/eternal-legs-chords-2627826,Experimental,1940
https://tabs.ultimate-guitar.com/tab/scott-walker/tilt-chords-758953,Experimental,1940
https://tabs.ultimate-guitar.com/tab/scott-walker/farmer-in-the-city-chords-1197068,Experimental,1940
https://tabs.ultimate-guitar.com/tab/scott-walker/farmer-in-the-city-chords-1724805,Experimental,1940
https://tabs.ultimate-guitar.com/tab/scott-walker/lights-of-cincinnati-chords-801312,Experimental,1940
https://tabs.ultimate-guitar.com/tab/scott-walker/lights-of-cincinnati-chords-1741564,Experimental,1940
https://tabs.ultimate-guitar.com/tab/james/tomorrow-chords-34948,Experimental,1940
https://tabs.ultimate-guitar.com/tab/james/tomorrow-chords-614964,Experimental,1940
https://tabs.ultimate-guitar.com/tab/kraftwerk/kometenmelodie-2-chords-1827092,Experimental,1940
https://tabs.ultimate-guitar.com/tab/scott-walker/rosary-chords-1724809,Experimental,1940
