https://tabs.ultimate-guitar.com/tab/devin-townsend-project/kawaii-chords-1148088,New Age,2010
https://tabs.ultimate-guitar.com/tab/enya/only-time-chords-1051267,New Age,2000
https://tabs.ultimate-guitar.com/tab/enya/wild-child-chords-125288,New Age,2000
https://tabs.ultimate-guitar.com/tab/yngwie-malmsteen/save-our-love-chords-1857851,New Age,2000
https://tabs.ultimate-guitar.com/tab/enya/amarantine-chords-265854,New Age,2000
https://tabs.ultimate-guitar.com/tab/enya/and-winter-came-chords-1938241,New Age,2000
https://tabs.ultimate-guitar.com/tab/enya/floras-secret-chords-125279,New Age,2000
https://tabs.ultimate-guitar.com/tab/enya/fallen-embers-chords-125278,New Age,2000
https://tabs.ultimate-guitar.com/tab/yngwie-malmsteen/save-our-love-chords-76065,New Age,2000
https://tabs.ultimate-guitar.com/tab/enya/amarantine-chords-451750,New Age,2000
https://tabs.ultimate-guitar.com/tab/enya/trains-and-winter-rains-chords-1176495,New Age,2000
https://tabs.ultimate-guitar.com/tab/enya/trains-and-winter-rains-chords-1937703,New Age,2000
https://tabs.ultimate-guitar.com/tab/enya/oiche-chiuin-chorale-chords-1937323,New Age,2000
https://tabs.ultimate-guitar.com/tab/enya/silver-inches-chords-1421791,New Age,2000
https://tabs.ultimate-guitar.com/tab/enya/pilgrim-chords-125286,New Age,2000
https://tabs.ultimate-guitar.com/tab/enya/and-winter-came-chords-1934813,New Age,2000
https://tabs.ultimate-guitar.com/tab/enya/journey-of-the-angels-chords-1934825,New Age,2000
https://tabs.ultimate-guitar.com/tab/enya/white-is-in-the-winter-night-chords-1937953,New Age,2000
https://tabs.ultimate-guitar.com/tab/enya/o-come-o-come-emmanuel-chords-1937119,New Age,2000
https://tabs.ultimate-guitar.com/tab/enya/last-time-by-moonlight-chords-1935831,New Age,2000
https://tabs.ultimate-guitar.com/tab/enya/one-toy-soldier-chords-1105505,New Age,2000
https://tabs.ultimate-guitar.com/tab/enya/stars-and-midnight-blue-chords-1168387,New Age,2000
https://tabs.ultimate-guitar.com/tab/enya/stars-and-midnight-blue-chords-1937661,New Age,2000
https://tabs.ultimate-guitar.com/tab/enya/the-spirit-of-christmas-past-chords-1937699,New Age,2000
https://tabs.ultimate-guitar.com/tab/enya/my-my-time-flies-chords-1176494,New Age,2000
https://tabs.ultimate-guitar.com/tab/enya/my-my-time-flies-chords-1936149,New Age,2000
https://tabs.ultimate-guitar.com/tab/jim-brickman/simple-things-chords-2939021,New Age,2000
https://tabs.ultimate-guitar.com/tab/jim-brickman/beautiful-world-were-all-here-chords-1400596,New Age,2000
https://tabs.ultimate-guitar.com/tab/jesse-cook/it-aint-me-babe-chords-716107,New Age,2000
https://tabs.ultimate-guitar.com/tab/jesse-cook/early-on-tuesday-chords-3003518,New Age,2000
https://tabs.ultimate-guitar.com/tab/mike-oldfield/to-be-free-chords-702580,New Age,2000
https://tabs.ultimate-guitar.com/tab/jesse-cook/fall-at-your-feet-chords-1758739,New Age,2000
https://tabs.ultimate-guitar.com/tab/enya/one-by-one-chords-125268,New Age,2000
https://tabs.ultimate-guitar.com/tab/enya/one-by-one-chords-1050996,New Age,2000
https://tabs.ultimate-guitar.com/tab/enya/lazy-days-chords-125282,New Age,2000
https://tabs.ultimate-guitar.com/tab/enya/how-can-i-keep-from-singing-chords-342615,New Age,1990
https://tabs.ultimate-guitar.com/tab/enya/anywhere-is-chords-125271,New Age,1990
https://tabs.ultimate-guitar.com/tab/enya/caribbean-blue-chords-125274,New Age,1990
https://tabs.ultimate-guitar.com/tab/mike-oldfield/moonshine-chords-1755783,New Age,1990
https://tabs.ultimate-guitar.com/tab/enya/dreams-are-more-precious-chords-1200645,New Age,1990
https://tabs.ultimate-guitar.com/tab/enya/the-memory-of-trees-chords-125283,New Age,1990
https://tabs.ultimate-guitar.com/tab/enya/athair-ar-neamh-chords-125273,New Age,1990
https://tabs.ultimate-guitar.com/tab/enya/hope-has-a-place-chords-125280,New Age,1990
https://tabs.ultimate-guitar.com/tab/enya/once-you-had-gold-chords-125285,New Age,1990
https://tabs.ultimate-guitar.com/tab/enya/la-sonadora-chords-125281,New Age,1990
https://tabs.ultimate-guitar.com/tab/enya/on-my-way-home-chords-125284,New Age,1990
https://tabs.ultimate-guitar.com/tab/enya/lothlorien-chords-970110,New Age,1990
https://tabs.ultimate-guitar.com/tab/enya/smaointe-chords-142314,New Age,1990
https://tabs.ultimate-guitar.com/tab/mike-oldfield/in-the-beginning-chords-1792492,New Age,1990
https://tabs.ultimate-guitar.com/tab/jim-brickman/valentine-chords-2730732,New Age,1990
https://tabs.ultimate-guitar.com/tab/enya/angeles-chords-125270,New Age,1990
https://tabs.ultimate-guitar.com/tab/sarah-brightman/once-in-a-lifetime-chords-142939,New Age,1990
https://tabs.ultimate-guitar.com/tab/sarah-brightman/the-second-element-ii-chords-1751542,New Age,1990
https://tabs.ultimate-guitar.com/tab/enya/book-of-days-chords-531359,New Age,1990
https://tabs.ultimate-guitar.com/tab/enya/book-of-days-chords-1125859,New Age,1990
https://tabs.ultimate-guitar.com/tab/enya/china-roses-chords-125275,New Age,1990
https://tabs.ultimate-guitar.com/tab/enya/evacuee-chords-125276,New Age,1990
https://tabs.ultimate-guitar.com/tab/enya/marble-halls-chords-3029570,New Age,1990
https://tabs.ultimate-guitar.com/tab/enya/how-can-i-keep-from-singing-chords-1941885,New Age,1990
https://tabs.ultimate-guitar.com/tab/enya/exile-chords-125277,New Age,1980
https://tabs.ultimate-guitar.com/tab/enya/orinoco-flow-chords-142313,New Age,1980
https://tabs.ultimate-guitar.com/tab/enya/exile-chords-908317,New Age,1980
https://tabs.ultimate-guitar.com/tab/enya/on-your-shore-chords-142311,New Age,1980
https://tabs.ultimate-guitar.com/tab/enya/cursum-perficio-chords-1130181,New Age,1980
https://tabs.ultimate-guitar.com/tab/enya/evening-falls-chords-125289,New Age,1980
https://tabs.ultimate-guitar.com/tab/enya/na-laetha-geal-moige-chords-125291,New Age,1980
https://tabs.ultimate-guitar.com/tab/enya/na-laetha-geal-moige-chords-1958761,New Age,1980
https://tabs.ultimate-guitar.com/tab/enya/on-your-shore-chords-1109001,New Age,1980
https://tabs.ultimate-guitar.com/tab/enya/storms-in-africa-chords-125287,New Age,1980
https://tabs.ultimate-guitar.com/tab/enya/storms-in-africa-chords-1130206,New Age,1980
https://tabs.ultimate-guitar.com/tab/enya/river-chords-1950237,New Age,1980
https://tabs.ultimate-guitar.com/tab/stevie-wonder/send-one-your-love-chords-2845109,New Age,1970
https://tabs.ultimate-guitar.com/tab/stevie-wonder/same-old-story-chords-3260438,New Age,1970
https://tabs.ultimate-guitar.com/tab/stevie-wonder/outside-my-window-chords-258860,New Age,1970
https://tabs.ultimate-guitar.com/tab/stevie-wonder/the-secret-life-of-plants-chords-1170322,New Age,1970
https://tabs.ultimate-guitar.com/tab/stevie-wonder/one-little-christmas-tree-chords-2530614,New Age,1960
https://tabs.ultimate-guitar.com/tab/enya/exile-chords-125277,New Age,1940
https://tabs.ultimate-guitar.com/tab/enya/only-time-chords-1051267,New Age,1940
https://tabs.ultimate-guitar.com/tab/enya/orinoco-flow-chords-142313,New Age,1940
https://tabs.ultimate-guitar.com/tab/enya/exile-chords-908317,New Age,1940
https://tabs.ultimate-guitar.com/tab/enya/how-can-i-keep-from-singing-chords-342615,New Age,1940
https://tabs.ultimate-guitar.com/tab/enya/anywhere-is-chords-125271,New Age,1940
https://tabs.ultimate-guitar.com/tab/enya/wild-child-chords-125288,New Age,1940
https://tabs.ultimate-guitar.com/tab/enya/on-your-shore-chords-142311,New Age,1940
https://tabs.ultimate-guitar.com/tab/yngwie-malmsteen/save-our-love-chords-1857851,New Age,1940
https://tabs.ultimate-guitar.com/tab/enya/amarantine-chords-265854,New Age,1940
https://tabs.ultimate-guitar.com/tab/enya/and-winter-came-chords-1938241,New Age,1940
https://tabs.ultimate-guitar.com/tab/enya/cursum-perficio-chords-1130181,New Age,1940
https://tabs.ultimate-guitar.com/tab/enya/caribbean-blue-chords-125274,New Age,1940
https://tabs.ultimate-guitar.com/tab/stevie-wonder/send-one-your-love-chords-2845109,New Age,1940
https://tabs.ultimate-guitar.com/tab/enya/floras-secret-chords-125279,New Age,1940
https://tabs.ultimate-guitar.com/tab/enya/fallen-embers-chords-125278,New Age,1940
https://tabs.ultimate-guitar.com/tab/yngwie-malmsteen/save-our-love-chords-76065,New Age,1940
https://tabs.ultimate-guitar.com/tab/mike-oldfield/moonshine-chords-1755783,New Age,1940
https://tabs.ultimate-guitar.com/tab/enya/dreams-are-more-precious-chords-1200645,New Age,1940
https://tabs.ultimate-guitar.com/tab/enya/amarantine-chords-451750,New Age,1940
https://tabs.ultimate-guitar.com/tab/enya/trains-and-winter-rains-chords-1176495,New Age,1940
https://tabs.ultimate-guitar.com/tab/enya/trains-and-winter-rains-chords-1937703,New Age,1940
https://tabs.ultimate-guitar.com/tab/enya/oiche-chiuin-chorale-chords-1937323,New Age,1940
https://tabs.ultimate-guitar.com/tab/enya/silver-inches-chords-1421791,New Age,1940
https://tabs.ultimate-guitar.com/tab/enya/pilgrim-chords-125286,New Age,1940
https://tabs.ultimate-guitar.com/tab/enya/evening-falls-chords-125289,New Age,1940
https://tabs.ultimate-guitar.com/tab/stevie-wonder/one-little-christmas-tree-chords-2530614,New Age,1940
https://tabs.ultimate-guitar.com/tab/devin-townsend-project/kawaii-chords-1148088,New Age,1940
https://tabs.ultimate-guitar.com/tab/enya/the-memory-of-trees-chords-125283,New Age,1940
https://tabs.ultimate-guitar.com/tab/enya/athair-ar-neamh-chords-125273,New Age,1940
https://tabs.ultimate-guitar.com/tab/enya/hope-has-a-place-chords-125280,New Age,1940
https://tabs.ultimate-guitar.com/tab/enya/once-you-had-gold-chords-125285,New Age,1940
https://tabs.ultimate-guitar.com/tab/enya/la-sonadora-chords-125281,New Age,1940
https://tabs.ultimate-guitar.com/tab/enya/na-laetha-geal-moige-chords-125291,New Age,1940
https://tabs.ultimate-guitar.com/tab/enya/na-laetha-geal-moige-chords-1958761,New Age,1940
https://tabs.ultimate-guitar.com/tab/enya/and-winter-came-chords-1934813,New Age,1940
https://tabs.ultimate-guitar.com/tab/enya/journey-of-the-angels-chords-1934825,New Age,1940
https://tabs.ultimate-guitar.com/tab/enya/white-is-in-the-winter-night-chords-1937953,New Age,1940
https://tabs.ultimate-guitar.com/tab/enya/o-come-o-come-emmanuel-chords-1937119,New Age,1940
https://tabs.ultimate-guitar.com/tab/enya/last-time-by-moonlight-chords-1935831,New Age,1940
https://tabs.ultimate-guitar.com/tab/enya/one-toy-soldier-chords-1105505,New Age,1940
https://tabs.ultimate-guitar.com/tab/enya/stars-and-midnight-blue-chords-1168387,New Age,1940
https://tabs.ultimate-guitar.com/tab/enya/stars-and-midnight-blue-chords-1937661,New Age,1940
https://tabs.ultimate-guitar.com/tab/enya/the-spirit-of-christmas-past-chords-1937699,New Age,1940
https://tabs.ultimate-guitar.com/tab/enya/my-my-time-flies-chords-1176494,New Age,1940
https://tabs.ultimate-guitar.com/tab/enya/my-my-time-flies-chords-1936149,New Age,1940
https://tabs.ultimate-guitar.com/tab/enya/on-my-way-home-chords-125284,New Age,1940
https://tabs.ultimate-guitar.com/tab/enya/lothlorien-chords-970110,New Age,1940
https://tabs.ultimate-guitar.com/tab/enya/smaointe-chords-142314,New Age,1940
https://tabs.ultimate-guitar.com/tab/jim-brickman/simple-things-chords-2939021,New Age,1940
https://tabs.ultimate-guitar.com/tab/jim-brickman/beautiful-world-were-all-here-chords-1400596,New Age,1940
https://tabs.ultimate-guitar.com/tab/mike-oldfield/in-the-beginning-chords-1792492,New Age,1940
https://tabs.ultimate-guitar.com/tab/stevie-wonder/same-old-story-chords-3260438,New Age,1940
https://tabs.ultimate-guitar.com/tab/stevie-wonder/outside-my-window-chords-258860,New Age,1940
https://tabs.ultimate-guitar.com/tab/stevie-wonder/the-secret-life-of-plants-chords-1170322,New Age,1940
https://tabs.ultimate-guitar.com/tab/jim-brickman/valentine-chords-2730732,New Age,1940
https://tabs.ultimate-guitar.com/tab/enya/on-your-shore-chords-1109001,New Age,1940
https://tabs.ultimate-guitar.com/tab/enya/storms-in-africa-chords-125287,New Age,1940
https://tabs.ultimate-guitar.com/tab/enya/storms-in-africa-chords-1130206,New Age,1940
https://tabs.ultimate-guitar.com/tab/enya/river-chords-1950237,New Age,1940
https://tabs.ultimate-guitar.com/tab/enya/angeles-chords-125270,New Age,1940
https://tabs.ultimate-guitar.com/tab/jesse-cook/it-aint-me-babe-chords-716107,New Age,1940
https://tabs.ultimate-guitar.com/tab/sarah-brightman/once-in-a-lifetime-chords-142939,New Age,1940
https://tabs.ultimate-guitar.com/tab/sarah-brightman/the-second-element-ii-chords-1751542,New Age,1940
https://tabs.ultimate-guitar.com/tab/jesse-cook/early-on-tuesday-chords-3003518,New Age,1940
https://tabs.ultimate-guitar.com/tab/mike-oldfield/to-be-free-chords-702580,New Age,1940
https://tabs.ultimate-guitar.com/tab/enya/book-of-days-chords-531359,New Age,1940
https://tabs.ultimate-guitar.com/tab/enya/book-of-days-chords-1125859,New Age,1940
https://tabs.ultimate-guitar.com/tab/enya/china-roses-chords-125275,New Age,1940
https://tabs.ultimate-guitar.com/tab/jesse-cook/fall-at-your-feet-chords-1758739,New Age,1940
https://tabs.ultimate-guitar.com/tab/enya/evacuee-chords-125276,New Age,1940
https://tabs.ultimate-guitar.com/tab/enya/marble-halls-chords-3029570,New Age,1940
https://tabs.ultimate-guitar.com/tab/enya/how-can-i-keep-from-singing-chords-1941885,New Age,1940
https://tabs.ultimate-guitar.com/tab/enya/one-by-one-chords-125268,New Age,1940
https://tabs.ultimate-guitar.com/tab/enya/one-by-one-chords-1050996,New Age,1940
https://tabs.ultimate-guitar.com/tab/enya/lazy-days-chords-125282,New Age,1940
