https://tabs.ultimate-guitar.com/tab/darren-korb/signals-chords-1716779,Soundtrack,2010
https://tabs.ultimate-guitar.com/tab/darren-korb/paper-boats-chords-1501966,Soundtrack,2010
https://tabs.ultimate-guitar.com/tab/chuck-ragan/what-we-leave-behind-chords-1994443,Soundtrack,2010
https://tabs.ultimate-guitar.com/tab/darren-korb/the-spine-chords-1719888,Soundtrack,2010
https://tabs.ultimate-guitar.com/tab/chuck-ragan/cover-me-gently-chords-1990727,Soundtrack,2010
https://tabs.ultimate-guitar.com/tab/chuck-ragan/the-flame-in-the-flood-chords-1694506,Soundtrack,2010
https://tabs.ultimate-guitar.com/tab/darren-korb/the-spine-chords-1726351,Soundtrack,2010
https://tabs.ultimate-guitar.com/tab/darren-korb/in-circles-chords-1487352,Soundtrack,2010
https://tabs.ultimate-guitar.com/tab/darren-korb/we-all-become-chords-1489872,Soundtrack,2010
https://tabs.ultimate-guitar.com/tab/darren-korb/signals-chords-1516355,Soundtrack,2010
https://tabs.ultimate-guitar.com/tab/chuck-ragan/gathering-wood-chords-1968013,Soundtrack,2010
https://tabs.ultimate-guitar.com/tab/chuck-ragan/the-flame-in-the-flood-chords-1695224,Soundtrack,2010
https://tabs.ultimate-guitar.com/tab/jesper-kyd/flight-over-venice-1-chords-1016836,Soundtrack,2000
https://tabs.ultimate-guitar.com/tab/akira-yamaoka/cradle-of-forest-chords-1419441,Soundtrack,2000
https://tabs.ultimate-guitar.com/tab/the-black-mages/the-skies-above-chords-1762777,Soundtrack,2000
https://tabs.ultimate-guitar.com/tab/nobuo-uematsu/eyes-on-me-chords-150540,Soundtrack,1990
https://tabs.ultimate-guitar.com/tab/darren-korb/signals-chords-1716779,Soundtrack,1940
https://tabs.ultimate-guitar.com/tab/darren-korb/paper-boats-chords-1501966,Soundtrack,1940
https://tabs.ultimate-guitar.com/tab/chuck-ragan/what-we-leave-behind-chords-1994443,Soundtrack,1940
https://tabs.ultimate-guitar.com/tab/darren-korb/the-spine-chords-1719888,Soundtrack,1940
https://tabs.ultimate-guitar.com/tab/chuck-ragan/cover-me-gently-chords-1990727,Soundtrack,1940
https://tabs.ultimate-guitar.com/tab/chuck-ragan/the-flame-in-the-flood-chords-1694506,Soundtrack,1940
https://tabs.ultimate-guitar.com/tab/darren-korb/the-spine-chords-1726351,Soundtrack,1940
https://tabs.ultimate-guitar.com/tab/darren-korb/in-circles-chords-1487352,Soundtrack,1940
https://tabs.ultimate-guitar.com/tab/darren-korb/we-all-become-chords-1489872,Soundtrack,1940
https://tabs.ultimate-guitar.com/tab/darren-korb/signals-chords-1516355,Soundtrack,1940
https://tabs.ultimate-guitar.com/tab/chuck-ragan/gathering-wood-chords-1968013,Soundtrack,1940
https://tabs.ultimate-guitar.com/tab/jesper-kyd/flight-over-venice-1-chords-1016836,Soundtrack,1940
https://tabs.ultimate-guitar.com/tab/nobuo-uematsu/eyes-on-me-chords-150540,Soundtrack,1940
https://tabs.ultimate-guitar.com/tab/chuck-ragan/the-flame-in-the-flood-chords-1695224,Soundtrack,1940
https://tabs.ultimate-guitar.com/tab/akira-yamaoka/cradle-of-forest-chords-1419441,Soundtrack,1940
https://tabs.ultimate-guitar.com/tab/the-black-mages/the-skies-above-chords-1762777,Soundtrack,1940
