https://tabs.ultimate-guitar.com/tab/buena-vista-social-club/lagrimas-negras-chords-1207697,World Music,2010
https://tabs.ultimate-guitar.com/tab/prince-royce/darte-un-beso-chords-1458158,World Music,2010
https://tabs.ultimate-guitar.com/tab/marc-anthony/vivir-mi-vida-chords-1408144,World Music,2010
https://tabs.ultimate-guitar.com/tab/romeo-santos/propuesta-indecente-chords-1426763,World Music,2010
https://tabs.ultimate-guitar.com/tab/prince-royce/incondicional-chords-1207672,World Music,2010
https://tabs.ultimate-guitar.com/tab/buena-vista-social-club/lagrimas-negras-chords-2861450,World Music,2010
https://tabs.ultimate-guitar.com/tab/a-r-rahman/challa-chords-1210902,World Music,2010
https://tabs.ultimate-guitar.com/tab/a-r-rahman/challa-chords-1196975,World Music,2010
https://tabs.ultimate-guitar.com/tab/prince-royce/invisible-chords-1651170,World Music,2010
https://tabs.ultimate-guitar.com/tab/prince-royce/nada-chords-1485188,World Music,2010
https://tabs.ultimate-guitar.com/tab/1561735,World Music,2010
https://tabs.ultimate-guitar.com/tab/romeo-santos/eres-mia-chords-1678076,World Music,2010
https://tabs.ultimate-guitar.com/tab/1651172,World Music,2010
https://tabs.ultimate-guitar.com/tab/romeo-santos/cancioncitas-de-amor-chords-1624873,World Music,2010
https://tabs.ultimate-guitar.com/tab/romeo-santos/cancioncitas-de-amor-chords-1624874,World Music,2010
https://tabs.ultimate-guitar.com/tab/1651168,World Music,2010
https://tabs.ultimate-guitar.com/tab/1651169,World Music,2010
https://tabs.ultimate-guitar.com/tab/prince-royce/dulce-chords-1651164,World Music,2010
https://tabs.ultimate-guitar.com/tab/prince-royce/dulce-chords-1651165,World Music,2010
https://tabs.ultimate-guitar.com/tab/prince-royce/te-me-vas-chords-1651184,World Music,2010
https://tabs.ultimate-guitar.com/tab/prince-royce/te-me-vas-chords-1651185,World Music,2010
https://tabs.ultimate-guitar.com/tab/romeo-santos/you-chords-1131977,World Music,2010
https://tabs.ultimate-guitar.com/tab/romeo-santos/magia-negra-chords-1624882,World Music,2010
https://tabs.ultimate-guitar.com/tab/romeo-santos/soberbio-chords-1624889,World Music,2010
https://tabs.ultimate-guitar.com/tab/1624878,World Music,2010
https://tabs.ultimate-guitar.com/tab/romeo-santos/la-bella-y-la-bestia-chords-1624877,World Music,2010
https://tabs.ultimate-guitar.com/tab/romeo-santos/mi-santa-chords-1624883,World Music,2010
https://tabs.ultimate-guitar.com/tab/romeo-santos/promise-chords-1123816,World Music,2010
https://tabs.ultimate-guitar.com/tab/prince-royce/soy-el-mismo-chords-1651178,World Music,2010
https://tabs.ultimate-guitar.com/tab/prince-royce/soy-el-mismo-chords-1651179,World Music,2010
https://tabs.ultimate-guitar.com/tab/1651186,World Music,2010
https://tabs.ultimate-guitar.com/tab/prince-royce/you-are-fire-chords-1698611,World Music,2010
https://tabs.ultimate-guitar.com/tab/prince-royce/you-are-fire-chords-2631255,World Music,2010
https://tabs.ultimate-guitar.com/tab/prince-royce/me-encanta-chords-1651173,World Music,2010
https://tabs.ultimate-guitar.com/tab/1651188,World Music,2010
https://tabs.ultimate-guitar.com/tab/1561736,World Music,2010
https://tabs.ultimate-guitar.com/tab/marc-anthony/cautivo-de-este-amor-chords-1561725,World Music,2010
https://tabs.ultimate-guitar.com/tab/romeo-santos/necio-chords-1470538,World Music,2010
https://tabs.ultimate-guitar.com/tab/romeo-santos/odio-chords-1624884,World Music,2010
https://tabs.ultimate-guitar.com/tab/romeo-santos/odio-chords-1624885,World Music,2010
https://tabs.ultimate-guitar.com/tab/romeo-santos/odio-chords-1624886,World Music,2010
https://tabs.ultimate-guitar.com/tab/romeo-santos/hilito-chords-1774267,World Music,2010
https://tabs.ultimate-guitar.com/tab/romeo-santos/yo-tambien-chords-1820773,World Music,2010
https://tabs.ultimate-guitar.com/tab/romeo-santos/rival-chords-1624887,World Music,2010
https://tabs.ultimate-guitar.com/tab/romeo-santos/rival-chords-1624888,World Music,2010
https://tabs.ultimate-guitar.com/tab/a-r-rahman/challa-chords-1192451,World Music,2010
https://tabs.ultimate-guitar.com/tab/nouvelle-vague/in-a-manner-of-speaking-chords-608719,World Music,2000
https://tabs.ultimate-guitar.com/tab/aventura/obsesion-chords-174139,World Music,2000
https://tabs.ultimate-guitar.com/tab/seu-jorge/tive-razao-chords-1732908,World Music,2000
https://tabs.ultimate-guitar.com/tab/nouvelle-vague/guns-of-brixton-chords-1237607,World Music,2000
https://tabs.ultimate-guitar.com/tab/a-r-rahman/chhoti-si-asha-chords-2079693,World Music,2000
https://tabs.ultimate-guitar.com/tab/gipsy-kings/como-siento-yo-chords-1577323,World Music,2000
https://tabs.ultimate-guitar.com/tab/caetano-veloso/mimar-voce-chords-922220,World Music,2000
https://tabs.ultimate-guitar.com/tab/1561732,World Music,2000
https://tabs.ultimate-guitar.com/tab/buena-vista-social-club/quizas-quizas-quizas-chords-1714218,World Music,2000
https://tabs.ultimate-guitar.com/tab/nouvelle-vague/in-a-manner-of-speaking-chords-1131497,World Music,2000
https://tabs.ultimate-guitar.com/tab/2877527,World Music,2000
https://tabs.ultimate-guitar.com/tab/don-omar/aunque-te-fuiste-chords-328848,World Music,2000
https://tabs.ultimate-guitar.com/tab/don-omar/dale-don-dale-chords-1539855,World Music,2000
https://tabs.ultimate-guitar.com/tab/nouvelle-vague/a-forest-chords-1778305,World Music,2000
https://tabs.ultimate-guitar.com/tab/aventura/obsesion-chords-958201,World Music,2000
https://tabs.ultimate-guitar.com/tab/don-omar/cuentale-chords-331735,World Music,2000
https://tabs.ultimate-guitar.com/tab/nouvelle-vague/marian-chords-1845269,World Music,2000
https://tabs.ultimate-guitar.com/tab/seu-jorge/sao-gonca-chords-953484,World Music,2000
https://tabs.ultimate-guitar.com/tab/celia-cruz/rie-y-llora-chords-1657223,World Music,2000
https://tabs.ultimate-guitar.com/tab/nouvelle-vague/friday-night-saturday-morning-chords-866459,World Music,2000
https://tabs.ultimate-guitar.com/tab/nouvelle-vague/just-cant-get-enough-chords-1672963,World Music,2000
https://tabs.ultimate-guitar.com/tab/caetano-veloso/cry-me-a-river-chords-3128453,World Music,2000
https://tabs.ultimate-guitar.com/tab/marc-anthony/aguanile-chords-1831828,World Music,2000
https://tabs.ultimate-guitar.com/tab/marc-anthony/el-dia-de-mi-suerte-chords-907623,World Music,2000
https://tabs.ultimate-guitar.com/tab/buena-vista-social-club/silencio-chords-1534699,World Music,2000
https://tabs.ultimate-guitar.com/tab/1530072,World Music,2000
https://tabs.ultimate-guitar.com/tab/aventura/todavia-me-amas-chords-419345,World Music,2000
https://tabs.ultimate-guitar.com/tab/aventura/amor-de-madre-chords-419788,World Music,2000
https://tabs.ultimate-guitar.com/tab/1530062,World Music,2000
https://tabs.ultimate-guitar.com/tab/1542237,World Music,2000
https://tabs.ultimate-guitar.com/tab/gipsy-kings/como-siento-yo-chords-3128321,World Music,2000
https://tabs.ultimate-guitar.com/tab/gipsy-kings/amigo-chords-1116853,World Music,2000
https://tabs.ultimate-guitar.com/tab/gipsy-kings/como-ayer-chords-1496536,World Music,2000
https://tabs.ultimate-guitar.com/tab/gipsy-kings/petite-noya-chords-2514588,World Music,2000
https://tabs.ultimate-guitar.com/tab/nouvelle-vague/making-plans-for-nigel-chords-462421,World Music,2000
https://tabs.ultimate-guitar.com/tab/nouvelle-vague/making-plans-for-nigel-chords-1209915,World Music,2000
https://tabs.ultimate-guitar.com/tab/nouvelle-vague/making-plans-for-nigel-chords-1786091,World Music,2000
https://tabs.ultimate-guitar.com/tab/don-omar/tu-cuerpo-me-arrebata-chords-331737,World Music,2000
https://tabs.ultimate-guitar.com/tab/nouvelle-vague/teenage-kicks-chords-415242,World Music,2000
https://tabs.ultimate-guitar.com/tab/nouvelle-vague/teenage-kicks-chords-1186346,World Music,2000
https://tabs.ultimate-guitar.com/tab/keziah-jones/long-distance-love-chords-3050167,World Music,2000
https://tabs.ultimate-guitar.com/tab/keziah-jones/blue-is-the-mind-chords-969009,World Music,2000
https://tabs.ultimate-guitar.com/tab/jesse-cook/it-aint-me-babe-chords-716107,World Music,2000
https://tabs.ultimate-guitar.com/tab/seu-jorge/te-queria-chords-1744987,World Music,2000
https://tabs.ultimate-guitar.com/tab/jesse-cook/early-on-tuesday-chords-3003518,World Music,2000
https://tabs.ultimate-guitar.com/tab/selena/cobarde-chords-1597873,World Music,2000
https://tabs.ultimate-guitar.com/tab/jesse-cook/fall-at-your-feet-chords-1758739,World Music,2000
https://tabs.ultimate-guitar.com/tab/aventura/la-guerra-chords-1530068,World Music,2000
https://tabs.ultimate-guitar.com/tab/1530089,World Music,2000
https://tabs.ultimate-guitar.com/tab/aventura/un-chichi-chords-1530098,World Music,2000
https://tabs.ultimate-guitar.com/tab/aventura/un-chichi-chords-1542242,World Music,2000
https://tabs.ultimate-guitar.com/tab/1530070,World Music,2000
https://tabs.ultimate-guitar.com/tab/aventura/our-song-chords-1530087,World Music,2000
https://tabs.ultimate-guitar.com/tab/aventura/ella-y-yo-chords-1530059,World Music,2000
https://tabs.ultimate-guitar.com/tab/aventura/ella-y-yo-chords-1542235,World Music,2000
https://tabs.ultimate-guitar.com/tab/aventura/ciego-de-amor-chords-1530052,World Music,2000
https://tabs.ultimate-guitar.com/tab/aventura/cuando-volveras-chords-1195516,World Music,2000
https://tabs.ultimate-guitar.com/tab/aventura/cuando-volveras-chords-1747040,World Music,2000
https://tabs.ultimate-guitar.com/tab/aventura/alexandra-chords-1530048,World Music,2000
https://tabs.ultimate-guitar.com/tab/aventura/la-novelita-chords-1530071,World Music,2000
https://tabs.ultimate-guitar.com/tab/aventura/dime-si-te-gusto-chords-1195501,World Music,2000
https://tabs.ultimate-guitar.com/tab/aventura/un-poeta-enamorado-chords-1530099,World Music,2000
https://tabs.ultimate-guitar.com/tab/aventura/im-sorry-chords-1530065,World Music,2000
https://tabs.ultimate-guitar.com/tab/aventura/deja-vu-chords-1530056,World Music,2000
https://tabs.ultimate-guitar.com/tab/aventura/me-voy-chords-1530078,World Music,2000
https://tabs.ultimate-guitar.com/tab/aventura/te-invito-chords-1530096,World Music,2000
https://tabs.ultimate-guitar.com/tab/don-omar/conteo-chords-1539854,World Music,2000
https://tabs.ultimate-guitar.com/tab/don-omar/tu-no-sabes-chords-406502,World Music,2000
https://tabs.ultimate-guitar.com/tab/1539866,World Music,2000
https://tabs.ultimate-guitar.com/tab/don-omar/angelito-chords-451743,World Music,2000
https://tabs.ultimate-guitar.com/tab/don-omar/angelito-chords-1544467,World Music,2000
https://tabs.ultimate-guitar.com/tab/don-omar/angelito-chords-1544468,World Music,2000
https://tabs.ultimate-guitar.com/tab/1539864,World Music,2000
https://tabs.ultimate-guitar.com/tab/1544470,World Music,2000
https://tabs.ultimate-guitar.com/tab/1544471,World Music,2000
https://tabs.ultimate-guitar.com/tab/seu-jorge/carolina-chords-1733515,World Music,2000
https://tabs.ultimate-guitar.com/tab/nouvelle-vague/in-a-manner-of-speaking-chords-1002999,World Music,2000
https://tabs.ultimate-guitar.com/tab/nouvelle-vague/in-a-manner-of-speaking-chords-1194733,World Music,2000
https://tabs.ultimate-guitar.com/tab/nouvelle-vague/in-a-manner-of-speaking-chords-1793653,World Music,2000
https://tabs.ultimate-guitar.com/tab/aventura/a-veves-quiero-llorar-chords-1530046,World Music,2000
https://tabs.ultimate-guitar.com/tab/aventura/a-veves-quiero-llorar-chords-1542231,World Music,2000
https://tabs.ultimate-guitar.com/tab/aventura/mi-hermanita-chords-1530079,World Music,2000
https://tabs.ultimate-guitar.com/tab/gipsy-kings/mi-cafe-chords-2342283,World Music,2000
https://tabs.ultimate-guitar.com/tab/buena-vista-social-club/chan-chan-chords-110162,World Music,1990
https://tabs.ultimate-guitar.com/tab/luis-miguel/historia-de-un-amor-chords-1077099,World Music,1990
https://tabs.ultimate-guitar.com/tab/buena-vista-social-club/el-cuarto-de-tula-chords-1719087,World Music,1990
https://tabs.ultimate-guitar.com/tab/buena-vista-social-club/dos-gardenias-chords-1465628,World Music,1990
https://tabs.ultimate-guitar.com/tab/selena/como-la-flor-chords-572848,World Music,1990
https://tabs.ultimate-guitar.com/tab/2664396,World Music,1990
https://tabs.ultimate-guitar.com/tab/selena/dreaming-of-you-chords-1194472,World Music,1990
https://tabs.ultimate-guitar.com/tab/1577339,World Music,1990
https://tabs.ultimate-guitar.com/tab/selena/dreaming-of-you-chords-84724,World Music,1990
https://tabs.ultimate-guitar.com/tab/todd-rundgren/love-is-the-answer-chords-82317,World Music,1990
https://tabs.ultimate-guitar.com/tab/572845,World Music,1990
https://tabs.ultimate-guitar.com/tab/buena-vista-social-club/dos-gardenias-chords-471306,World Music,1990
https://tabs.ultimate-guitar.com/tab/gipsy-kings/baila-me-chords-699572,World Music,1990
https://tabs.ultimate-guitar.com/tab/selena/i-could-fall-in-love-chords-834001,World Music,1990
https://tabs.ultimate-guitar.com/tab/buena-vista-social-club/de-camino-a-la-vereda-chords-1714198,World Music,1990
https://tabs.ultimate-guitar.com/tab/selena/bidi-bidi-bom-bom-chords-978272,World Music,1990
https://tabs.ultimate-guitar.com/tab/buena-vista-social-club/chan-chan-chords-1735148,World Music,1990
https://tabs.ultimate-guitar.com/tab/buena-vista-social-club/dos-gardenias-chords-2452625,World Music,1990
https://tabs.ultimate-guitar.com/tab/luis-miguel/somos-novios-chords-783367,World Music,1990
https://tabs.ultimate-guitar.com/tab/linda-ronstadt/siempre-hace-frio-chords-1672495,World Music,1990
https://tabs.ultimate-guitar.com/tab/buena-vista-social-club/candela-chords-176995,World Music,1990
https://tabs.ultimate-guitar.com/tab/selena/como-la-flor-chords-1053091,World Music,1990
https://tabs.ultimate-guitar.com/tab/selena/dreaming-of-you-chords-616440,World Music,1990
https://tabs.ultimate-guitar.com/tab/celia-cruz/la-vida-es-un-carnaval-chords-1401958,World Music,1990
https://tabs.ultimate-guitar.com/tab/caetano-veloso/sozinho-chords-1198686,World Music,1990
https://tabs.ultimate-guitar.com/tab/caetano-veloso/sozinho-chords-1800778,World Music,1990
https://tabs.ultimate-guitar.com/tab/buena-vista-social-club/chan-chan-chords-2584524,World Music,1990
https://tabs.ultimate-guitar.com/tab/gipsy-kings/habla-me-chords-2342753,World Music,1990
https://tabs.ultimate-guitar.com/tab/todd-rundgren/love-is-the-answer-chords-2557119,World Music,1990
https://tabs.ultimate-guitar.com/tab/buena-vista-social-club/candela-chords-1707208,World Music,1990
https://tabs.ultimate-guitar.com/tab/selena/amor-prohibido-chords-1416502,World Music,1990
https://tabs.ultimate-guitar.com/tab/1597878,World Music,1990
https://tabs.ultimate-guitar.com/tab/celia-cruz/la-vida-es-un-carnaval-chords-1053421,World Music,1990
https://tabs.ultimate-guitar.com/tab/luis-miguel/historia-de-un-amor-chords-3159962,World Music,1990
https://tabs.ultimate-guitar.com/tab/luis-miguel/el-dia-que-me-quieras-chords-795640,World Music,1990
https://tabs.ultimate-guitar.com/tab/celia-cruz/te-busco-chords-1041322,World Music,1990
https://tabs.ultimate-guitar.com/tab/luis-miguel/todo-y-nada-chords-1557929,World Music,1990
https://tabs.ultimate-guitar.com/tab/gipsy-kings/mujer-chords-1577338,World Music,1990
https://tabs.ultimate-guitar.com/tab/buena-vista-social-club/y-tu-que-has-hecho-chords-471316,World Music,1990
https://tabs.ultimate-guitar.com/tab/buena-vista-social-club/orgullecida-chords-1534698,World Music,1990
https://tabs.ultimate-guitar.com/tab/julio-iglesias/el-choclo-chords-1595067,World Music,1990
https://tabs.ultimate-guitar.com/tab/julio-iglesias/el-dia-que-me-quieras-chords-1595068,World Music,1990
https://tabs.ultimate-guitar.com/tab/selena/la-carcacha-chords-1597874,World Music,1990
https://tabs.ultimate-guitar.com/tab/selena/dreaming-of-you-chords-2745903,World Music,1990
https://tabs.ultimate-guitar.com/tab/luis-miguel/la-media-vuelta-chords-383440,World Music,1990
https://tabs.ultimate-guitar.com/tab/luis-miguel/la-media-vuelta-chords-436005,World Music,1990
https://tabs.ultimate-guitar.com/tab/luis-miguel/la-media-vuelta-chords-2837639,World Music,1990
https://tabs.ultimate-guitar.com/tab/todd-rundgren/dream-goes-on-forever-chords-82313,World Music,1990
https://tabs.ultimate-guitar.com/tab/buena-vista-social-club/el-cuarto-de-tula-chords-1804594,World Music,1990
https://tabs.ultimate-guitar.com/tab/2839694,World Music,1990
https://tabs.ultimate-guitar.com/tab/selena/si-la-quieres-chords-1597881,World Music,1990
https://tabs.ultimate-guitar.com/tab/1597880,World Music,1990
https://tabs.ultimate-guitar.com/tab/1597882,World Music,1990
https://tabs.ultimate-guitar.com/tab/gipsy-kings/sin-ella-chords-1577348,World Music,1990
https://tabs.ultimate-guitar.com/tab/gipsy-kings/mi-vida-chords-1577336,World Music,1990
https://tabs.ultimate-guitar.com/tab/gipsy-kings/el-mauro-chords-69629,World Music,1990
https://tabs.ultimate-guitar.com/tab/selena/no-debes-jugar-chords-1597877,World Music,1990
https://tabs.ultimate-guitar.com/tab/selena/la-llamada-chords-1597876,World Music,1990
https://tabs.ultimate-guitar.com/tab/1557901,World Music,1990
https://tabs.ultimate-guitar.com/tab/1557902,World Music,1990
https://tabs.ultimate-guitar.com/tab/3008000,World Music,1990
https://tabs.ultimate-guitar.com/tab/caetano-veloso/a-luz-de-tieta-chords-1652547,World Music,1990
https://tabs.ultimate-guitar.com/tab/celia-cruz/te-busco-chords-3049708,World Music,1990
https://tabs.ultimate-guitar.com/tab/buena-vista-social-club/macusa-chords-1724080,World Music,1990
https://tabs.ultimate-guitar.com/tab/todd-rundgren/love-is-the-answer-chords-2565267,World Music,1990
https://tabs.ultimate-guitar.com/tab/julio-iglesias/volver-a-empezar-chords-1595119,World Music,1990
https://tabs.ultimate-guitar.com/tab/linda-ronstadt/mi-ranchito-chords-1555203,World Music,1990
https://tabs.ultimate-guitar.com/tab/linda-ronstadt/tata-dios-chords-1555205,World Music,1990
https://tabs.ultimate-guitar.com/tab/linda-ronstadt/el-crucifijo-de-piedra-chords-1555198,World Music,1990
https://tabs.ultimate-guitar.com/tab/caetano-veloso/nao-enche-chords-1652580,World Music,1990
https://tabs.ultimate-guitar.com/tab/caetano-veloso/alexandre-chords-1652549,World Music,1990
https://tabs.ultimate-guitar.com/tab/luis-miguel/delirio-chords-1557751,World Music,1990
https://tabs.ultimate-guitar.com/tab/luis-miguel/delirio-chords-1557752,World Music,1990
https://tabs.ultimate-guitar.com/tab/luis-miguel/solamente-una-vez-chords-1557904,World Music,1990
https://tabs.ultimate-guitar.com/tab/luis-miguel/todo-y-nada-chords-1557930,World Music,1990
https://tabs.ultimate-guitar.com/tab/1557733,World Music,1990
https://tabs.ultimate-guitar.com/tab/1901138,World Music,1990
https://tabs.ultimate-guitar.com/tab/1557951,World Music,1990
https://tabs.ultimate-guitar.com/tab/selena/ya-ves-chords-1597885,World Music,1990
https://tabs.ultimate-guitar.com/tab/gipsy-kings/a-ti-a-ti-chords-1577319,World Music,1990
https://tabs.ultimate-guitar.com/tab/gipsy-kings/la-rumba-de-nicolas-chords-1577334,World Music,1990
https://tabs.ultimate-guitar.com/tab/caetano-veloso/carolina-chords-1652564,World Music,1990
https://tabs.ultimate-guitar.com/tab/caetano-veloso/vida-boa-chords-1652596,World Music,1990
https://tabs.ultimate-guitar.com/tab/buena-vista-social-club/de-camino-a-la-vereda-chords-1534695,World Music,1990
https://tabs.ultimate-guitar.com/tab/buena-vista-social-club/de-camino-a-la-vereda-chords-1786686,World Music,1990
https://tabs.ultimate-guitar.com/tab/buena-vista-social-club/y-tu-que-has-hecho-chords-2397727,World Music,1990
https://tabs.ultimate-guitar.com/tab/buena-vista-social-club/el-carretero-chords-471313,World Music,1990
https://tabs.ultimate-guitar.com/tab/buena-vista-social-club/amor-de-loca-juventud-chords-471296,World Music,1990
https://tabs.ultimate-guitar.com/tab/buena-vista-social-club/amor-de-loca-juventud-chords-3023546,World Music,1990
https://tabs.ultimate-guitar.com/tab/buena-vista-social-club/buena-vista-social-club-chords-471302,World Music,1990
https://tabs.ultimate-guitar.com/tab/buena-vista-social-club/la-bayamesa-chords-1534697,World Music,1990
https://tabs.ultimate-guitar.com/tab/gipsy-kings/campesino-chords-1577322,World Music,1990
https://tabs.ultimate-guitar.com/tab/gipsy-kings/pajarito-chords-1577343,World Music,1990
https://tabs.ultimate-guitar.com/tab/selena/tus-desprecios-chords-2489907,World Music,1990
https://tabs.ultimate-guitar.com/tab/selena/tus-desprecios-chords-2678067,World Music,1990
https://tabs.ultimate-guitar.com/tab/selena/tus-desprecios-chords-2678064,World Music,1990
https://tabs.ultimate-guitar.com/tab/selena/la-carcacha-chords-1597875,World Music,1990
https://tabs.ultimate-guitar.com/tab/selena/si-una-vez-chords-572844,World Music,1990
https://tabs.ultimate-guitar.com/tab/selena/si-una-vez-chords-1481486,World Music,1990
https://tabs.ultimate-guitar.com/tab/selena/como-la-flor-chords-2614812,World Music,1990
https://tabs.ultimate-guitar.com/tab/selena/amor-prohibido-chords-572843,World Music,1990
https://tabs.ultimate-guitar.com/tab/1597879,World Music,1990
https://tabs.ultimate-guitar.com/tab/selena/el-chico-del-apartamento-512-chords-572849,World Music,1990
https://tabs.ultimate-guitar.com/tab/selena/ya-no-chords-1597884,World Music,1990
https://tabs.ultimate-guitar.com/tab/1597883,World Music,1990
https://tabs.ultimate-guitar.com/tab/selena/dreaming-of-you-chords-1109249,World Music,1990
https://tabs.ultimate-guitar.com/tab/kaoma/lambada-chords-745778,World Music,1980
https://tabs.ultimate-guitar.com/tab/gipsy-kings/un-amor-chords-69636,World Music,1980
https://tabs.ultimate-guitar.com/tab/gipsy-kings/djobi-djoba-chords-699560,World Music,1980
https://tabs.ultimate-guitar.com/tab/gipsy-kings/un-amor-chords-699567,World Music,1980
https://tabs.ultimate-guitar.com/tab/linda-ronstadt/por-un-amor-chords-1502253,World Music,1980
https://tabs.ultimate-guitar.com/tab/gipsy-kings/djobi-djoba-chords-1037289,World Music,1980
https://tabs.ultimate-guitar.com/tab/gipsy-kings/calaverada-chords-39021,World Music,1980
https://tabs.ultimate-guitar.com/tab/caetano-veloso/voce-e-linda-chords-1100912,World Music,1980
https://tabs.ultimate-guitar.com/tab/juan-de-la-cruz-band/inday-chords-1741159,World Music,1980
https://tabs.ultimate-guitar.com/tab/gipsy-kings/la-dona-chords-69630,World Music,1980
https://tabs.ultimate-guitar.com/tab/gipsy-kings/ruptura-chords-2200681,World Music,1980
https://tabs.ultimate-guitar.com/tab/gipsy-kings/princessa-chords-69640,World Music,1980
https://tabs.ultimate-guitar.com/tab/gipsy-kings/ciento-chords-69631,World Music,1980
https://tabs.ultimate-guitar.com/tab/gipsy-kings/solituda-chords-69638,World Music,1980
https://tabs.ultimate-guitar.com/tab/gipsy-kings/papa-no-pega-la-mama-chords-69642,World Music,1980
https://tabs.ultimate-guitar.com/tab/linda-ronstadt/rogaciano-el-huapanguero-chords-1555204,World Music,1980
https://tabs.ultimate-guitar.com/tab/1555199,World Music,1980
https://tabs.ultimate-guitar.com/tab/caetano-veloso/vaca-profana-chords-1652593,World Music,1980
https://tabs.ultimate-guitar.com/tab/caetano-veloso/o-quereres-chords-2002827,World Music,1980
https://tabs.ultimate-guitar.com/tab/caetano-veloso/nature-boy-chords-3128447,World Music,1980
https://tabs.ultimate-guitar.com/tab/caetano-veloso/dom-de-iludir-chords-1652568,World Music,1980
https://tabs.ultimate-guitar.com/tab/linda-ronstadt/los-laureles-chords-1555202,World Music,1980
https://tabs.ultimate-guitar.com/tab/juan-de-la-cruz-band/kahit-na-anong-mangyari-chords-1156721,World Music,1980
https://tabs.ultimate-guitar.com/tab/juan-de-la-cruz-band/no-touch-chords-1248174,World Music,1980
https://tabs.ultimate-guitar.com/tab/juan-de-la-cruz-band/panahon-chords-1691363,World Music,1980
https://tabs.ultimate-guitar.com/tab/caetano-veloso/queixa-chords-1652585,World Music,1980
https://tabs.ultimate-guitar.com/tab/caetano-veloso/trem-das-cores-chords-33773,World Music,1980
https://tabs.ultimate-guitar.com/tab/caetano-veloso/meu-bem-meu-mal-chords-1652576,World Music,1980
https://tabs.ultimate-guitar.com/tab/caetano-veloso/valsa-de-uma-cidade-chords-33776,World Music,1980
https://tabs.ultimate-guitar.com/tab/todd-rundgren/i-saw-the-light-chords-538783,World Music,1970
https://tabs.ultimate-guitar.com/tab/todd-rundgren/hello-its-me-chords-82314,World Music,1970
https://tabs.ultimate-guitar.com/tab/caetano-veloso/o-leaozinho-chords-33778,World Music,1970
https://tabs.ultimate-guitar.com/tab/todd-rundgren/can-we-still-be-friends-chords-1130686,World Music,1970
https://tabs.ultimate-guitar.com/tab/todd-rundgren/hello-its-me-chords-2242501,World Music,1970
https://tabs.ultimate-guitar.com/tab/todd-rundgren/i-saw-the-light-chords-1720522,World Music,1970
https://tabs.ultimate-guitar.com/tab/todd-rundgren/it-wouldnt-have-made-any-difference-chords-1242185,World Music,1970
https://tabs.ultimate-guitar.com/tab/1238388,World Music,1970
https://tabs.ultimate-guitar.com/tab/caetano-veloso/nine-out-of-ten-chords-1445934,World Music,1970
https://tabs.ultimate-guitar.com/tab/todd-rundgren/it-wouldnt-have-made-any-difference-chords-82316,World Music,1970
https://tabs.ultimate-guitar.com/tab/todd-rundgren/can-we-still-be-friends-chords-1171341,World Music,1970
https://tabs.ultimate-guitar.com/tab/todd-rundgren/can-we-still-be-friends-chords-1243051,World Music,1970
https://tabs.ultimate-guitar.com/tab/caetano-veloso/tigresa-chords-1423339,World Music,1970
https://tabs.ultimate-guitar.com/tab/caetano-veloso/elegia-chords-1102570,World Music,1970
https://tabs.ultimate-guitar.com/tab/caetano-veloso/sampa-chords-33772,World Music,1970
https://tabs.ultimate-guitar.com/tab/caetano-veloso/eleanor-rigby-chords-1403061,World Music,1970
https://tabs.ultimate-guitar.com/tab/caetano-veloso/tropicalia-chords-33774,World Music,1970
https://tabs.ultimate-guitar.com/tab/todd-rundgren/can-we-still-be-friends-chords-2963462,World Music,1970
https://tabs.ultimate-guitar.com/tab/todd-rundgren/hello-its-me-chords-1845812,World Music,1970
https://tabs.ultimate-guitar.com/tab/caetano-veloso/alegria-alegria-chords-1193531,World Music,1970
https://tabs.ultimate-guitar.com/tab/sharon-cuneta/hagkan-chords-2249847,World Music,1970
https://tabs.ultimate-guitar.com/tab/sharon-cuneta/dyan-ka-mahusay-chords-2249843,World Music,1970
https://tabs.ultimate-guitar.com/tab/sharon-cuneta/i-swing-mo-ako-chords-1424425,World Music,1970
https://tabs.ultimate-guitar.com/tab/caetano-veloso/beleza-pura-chords-1652559,World Music,1970
https://tabs.ultimate-guitar.com/tab/caetano-veloso/so-in-love-chords-2100771,World Music,1970
https://tabs.ultimate-guitar.com/tab/caetano-veloso/you-dont-know-me-chords-1982941,World Music,1970
https://tabs.ultimate-guitar.com/tab/1652562,World Music,1970
https://tabs.ultimate-guitar.com/tab/caetano-veloso/sampa-chords-2775100,World Music,1970
https://tabs.ultimate-guitar.com/tab/caetano-veloso/o-leaozinho-chords-1710198,World Music,1970
https://tabs.ultimate-guitar.com/tab/caetano-veloso/o-leaozinho-chords-2351625,World Music,1970
https://tabs.ultimate-guitar.com/tab/julio-iglesias/caminito-chords-1786693,World Music,1970
https://tabs.ultimate-guitar.com/tab/todd-rundgren/i-saw-the-light-chords-1014901,World Music,1970
https://tabs.ultimate-guitar.com/tab/todd-rundgren/i-saw-the-light-chords-2339495,World Music,1970
https://tabs.ultimate-guitar.com/tab/todd-rundgren/i-saw-the-light-chords-2849717,World Music,1970
https://tabs.ultimate-guitar.com/tab/todd-rundgren/can-we-still-be-friends-chords-2891903,World Music,1970
https://tabs.ultimate-guitar.com/tab/celia-cruz/guantanamera-chords-65411,World Music,1960
https://tabs.ultimate-guitar.com/tab/frank-sinatra/change-partners-chords-1854389,World Music,1960
https://tabs.ultimate-guitar.com/tab/chubby-checker/limbo-rock-chords-623700,World Music,1960
https://tabs.ultimate-guitar.com/tab/harry-belafonte/jump-in-the-line-chords-1975443,World Music,1960
https://tabs.ultimate-guitar.com/tab/chubby-checker/limbo-rock-chords-1048940,World Music,1960
https://tabs.ultimate-guitar.com/tab/harry-belafonte/kingston-market-chords-1775290,World Music,1960
https://tabs.ultimate-guitar.com/tab/astor-piazzolla/fuga-y-misterio-chords-1529546,World Music,1960
https://tabs.ultimate-guitar.com/tab/frank-sinatra/quiet-nights-of-quiet-stars-corcovado-chords-3102761,World Music,1960
https://tabs.ultimate-guitar.com/tab/astor-piazzolla/balada-para-un-loco-chords-1529545,World Music,1960
https://tabs.ultimate-guitar.com/tab/astor-piazzolla/balada-para-un-loco-chords-1542107,World Music,1960
https://tabs.ultimate-guitar.com/tab/harry-belafonte/jamaica-farewell-chords-805580,World Music,1950
https://tabs.ultimate-guitar.com/tab/harry-belafonte/jamaica-farewell-chords-834936,World Music,1950
https://tabs.ultimate-guitar.com/tab/harry-belafonte/mama-look-a-boo-boo-chords-1406002,World Music,1950
https://tabs.ultimate-guitar.com/tab/frank-sinatra/baubles-bangles-and-beads-chords-3107891,World Music,1950
https://tabs.ultimate-guitar.com/tab/harry-belafonte/jamaica-farewell-chords-1956693,World Music,1950
https://tabs.ultimate-guitar.com/tab/harry-belafonte/man-smart-woman-smarter-chords-1872303,World Music,1950
https://tabs.ultimate-guitar.com/tab/buena-vista-social-club/chan-chan-chords-110162,World Music,1940
https://tabs.ultimate-guitar.com/tab/celia-cruz/guantanamera-chords-65411,World Music,1940
https://tabs.ultimate-guitar.com/tab/todd-rundgren/i-saw-the-light-chords-538783,World Music,1940
https://tabs.ultimate-guitar.com/tab/luis-miguel/historia-de-un-amor-chords-1077099,World Music,1940
https://tabs.ultimate-guitar.com/tab/kaoma/lambada-chords-745778,World Music,1940
https://tabs.ultimate-guitar.com/tab/harry-belafonte/jamaica-farewell-chords-805580,World Music,1940
https://tabs.ultimate-guitar.com/tab/buena-vista-social-club/lagrimas-negras-chords-1207697,World Music,1940
https://tabs.ultimate-guitar.com/tab/buena-vista-social-club/el-cuarto-de-tula-chords-1719087,World Music,1940
https://tabs.ultimate-guitar.com/tab/todd-rundgren/hello-its-me-chords-82314,World Music,1940
https://tabs.ultimate-guitar.com/tab/buena-vista-social-club/dos-gardenias-chords-1465628,World Music,1940
https://tabs.ultimate-guitar.com/tab/selena/como-la-flor-chords-572848,World Music,1940
https://tabs.ultimate-guitar.com/tab/nouvelle-vague/in-a-manner-of-speaking-chords-608719,World Music,1940
https://tabs.ultimate-guitar.com/tab/2664396,World Music,1940
https://tabs.ultimate-guitar.com/tab/prince-royce/darte-un-beso-chords-1458158,World Music,1940
https://tabs.ultimate-guitar.com/tab/selena/dreaming-of-you-chords-1194472,World Music,1940
https://tabs.ultimate-guitar.com/tab/marc-anthony/vivir-mi-vida-chords-1408144,World Music,1940
https://tabs.ultimate-guitar.com/tab/1577339,World Music,1940
https://tabs.ultimate-guitar.com/tab/caetano-veloso/o-leaozinho-chords-33778,World Music,1940
https://tabs.ultimate-guitar.com/tab/gipsy-kings/un-amor-chords-69636,World Music,1940
https://tabs.ultimate-guitar.com/tab/harry-belafonte/jamaica-farewell-chords-834936,World Music,1940
https://tabs.ultimate-guitar.com/tab/todd-rundgren/can-we-still-be-friends-chords-1130686,World Music,1940
https://tabs.ultimate-guitar.com/tab/selena/dreaming-of-you-chords-84724,World Music,1940
https://tabs.ultimate-guitar.com/tab/todd-rundgren/love-is-the-answer-chords-82317,World Music,1940
https://tabs.ultimate-guitar.com/tab/frank-sinatra/change-partners-chords-1854389,World Music,1940
https://tabs.ultimate-guitar.com/tab/572845,World Music,1940
https://tabs.ultimate-guitar.com/tab/buena-vista-social-club/dos-gardenias-chords-471306,World Music,1940
https://tabs.ultimate-guitar.com/tab/gipsy-kings/baila-me-chords-699572,World Music,1940
https://tabs.ultimate-guitar.com/tab/gipsy-kings/djobi-djoba-chords-699560,World Music,1940
https://tabs.ultimate-guitar.com/tab/todd-rundgren/hello-its-me-chords-2242501,World Music,1940
https://tabs.ultimate-guitar.com/tab/aventura/obsesion-chords-174139,World Music,1940
https://tabs.ultimate-guitar.com/tab/selena/i-could-fall-in-love-chords-834001,World Music,1940
https://tabs.ultimate-guitar.com/tab/romeo-santos/propuesta-indecente-chords-1426763,World Music,1940
https://tabs.ultimate-guitar.com/tab/buena-vista-social-club/de-camino-a-la-vereda-chords-1714198,World Music,1940
https://tabs.ultimate-guitar.com/tab/todd-rundgren/i-saw-the-light-chords-1720522,World Music,1940
https://tabs.ultimate-guitar.com/tab/gipsy-kings/un-amor-chords-699567,World Music,1940
https://tabs.ultimate-guitar.com/tab/todd-rundgren/it-wouldnt-have-made-any-difference-chords-1242185,World Music,1940
https://tabs.ultimate-guitar.com/tab/selena/bidi-bidi-bom-bom-chords-978272,World Music,1940
https://tabs.ultimate-guitar.com/tab/prince-royce/incondicional-chords-1207672,World Music,1940
https://tabs.ultimate-guitar.com/tab/seu-jorge/tive-razao-chords-1732908,World Music,1940
https://tabs.ultimate-guitar.com/tab/nouvelle-vague/guns-of-brixton-chords-1237607,World Music,1940
https://tabs.ultimate-guitar.com/tab/buena-vista-social-club/chan-chan-chords-1735148,World Music,1940
https://tabs.ultimate-guitar.com/tab/buena-vista-social-club/dos-gardenias-chords-2452625,World Music,1940
https://tabs.ultimate-guitar.com/tab/luis-miguel/somos-novios-chords-783367,World Music,1940
https://tabs.ultimate-guitar.com/tab/buena-vista-social-club/lagrimas-negras-chords-2861450,World Music,1940
https://tabs.ultimate-guitar.com/tab/linda-ronstadt/siempre-hace-frio-chords-1672495,World Music,1940
https://tabs.ultimate-guitar.com/tab/linda-ronstadt/por-un-amor-chords-1502253,World Music,1940
https://tabs.ultimate-guitar.com/tab/buena-vista-social-club/candela-chords-176995,World Music,1940
https://tabs.ultimate-guitar.com/tab/a-r-rahman/chhoti-si-asha-chords-2079693,World Music,1940
https://tabs.ultimate-guitar.com/tab/gipsy-kings/como-siento-yo-chords-1577323,World Music,1940
https://tabs.ultimate-guitar.com/tab/1238388,World Music,1940
https://tabs.ultimate-guitar.com/tab/a-r-rahman/challa-chords-1210902,World Music,1940
https://tabs.ultimate-guitar.com/tab/selena/como-la-flor-chords-1053091,World Music,1940
https://tabs.ultimate-guitar.com/tab/gipsy-kings/djobi-djoba-chords-1037289,World Music,1940
https://tabs.ultimate-guitar.com/tab/selena/dreaming-of-you-chords-616440,World Music,1940
https://tabs.ultimate-guitar.com/tab/celia-cruz/la-vida-es-un-carnaval-chords-1401958,World Music,1940
https://tabs.ultimate-guitar.com/tab/caetano-veloso/sozinho-chords-1198686,World Music,1940
https://tabs.ultimate-guitar.com/tab/caetano-veloso/sozinho-chords-1800778,World Music,1940
https://tabs.ultimate-guitar.com/tab/buena-vista-social-club/chan-chan-chords-2584524,World Music,1940
https://tabs.ultimate-guitar.com/tab/gipsy-kings/habla-me-chords-2342753,World Music,1940
https://tabs.ultimate-guitar.com/tab/caetano-veloso/nine-out-of-ten-chords-1445934,World Music,1940
https://tabs.ultimate-guitar.com/tab/todd-rundgren/love-is-the-answer-chords-2557119,World Music,1940
https://tabs.ultimate-guitar.com/tab/caetano-veloso/mimar-voce-chords-922220,World Music,1940
https://tabs.ultimate-guitar.com/tab/1561732,World Music,1940
https://tabs.ultimate-guitar.com/tab/buena-vista-social-club/candela-chords-1707208,World Music,1940
https://tabs.ultimate-guitar.com/tab/buena-vista-social-club/quizas-quizas-quizas-chords-1714218,World Music,1940
https://tabs.ultimate-guitar.com/tab/a-r-rahman/challa-chords-1196975,World Music,1940
https://tabs.ultimate-guitar.com/tab/chubby-checker/limbo-rock-chords-623700,World Music,1940
https://tabs.ultimate-guitar.com/tab/harry-belafonte/jump-in-the-line-chords-1975443,World Music,1940
https://tabs.ultimate-guitar.com/tab/selena/amor-prohibido-chords-1416502,World Music,1940
https://tabs.ultimate-guitar.com/tab/1597878,World Music,1940
https://tabs.ultimate-guitar.com/tab/todd-rundgren/it-wouldnt-have-made-any-difference-chords-82316,World Music,1940
https://tabs.ultimate-guitar.com/tab/todd-rundgren/can-we-still-be-friends-chords-1171341,World Music,1940
https://tabs.ultimate-guitar.com/tab/todd-rundgren/can-we-still-be-friends-chords-1243051,World Music,1940
https://tabs.ultimate-guitar.com/tab/harry-belafonte/mama-look-a-boo-boo-chords-1406002,World Music,1940
https://tabs.ultimate-guitar.com/tab/celia-cruz/la-vida-es-un-carnaval-chords-1053421,World Music,1940
https://tabs.ultimate-guitar.com/tab/nouvelle-vague/in-a-manner-of-speaking-chords-1131497,World Music,1940
https://tabs.ultimate-guitar.com/tab/luis-miguel/historia-de-un-amor-chords-3159962,World Music,1940
https://tabs.ultimate-guitar.com/tab/luis-miguel/el-dia-que-me-quieras-chords-795640,World Music,1940
https://tabs.ultimate-guitar.com/tab/celia-cruz/te-busco-chords-1041322,World Music,1940
https://tabs.ultimate-guitar.com/tab/gipsy-kings/calaverada-chords-39021,World Music,1940
https://tabs.ultimate-guitar.com/tab/caetano-veloso/tigresa-chords-1423339,World Music,1940
https://tabs.ultimate-guitar.com/tab/2877527,World Music,1940
https://tabs.ultimate-guitar.com/tab/caetano-veloso/voce-e-linda-chords-1100912,World Music,1940
https://tabs.ultimate-guitar.com/tab/luis-miguel/todo-y-nada-chords-1557929,World Music,1940
https://tabs.ultimate-guitar.com/tab/caetano-veloso/elegia-chords-1102570,World Music,1940
https://tabs.ultimate-guitar.com/tab/prince-royce/invisible-chords-1651170,World Music,1940
https://tabs.ultimate-guitar.com/tab/prince-royce/nada-chords-1485188,World Music,1940
https://tabs.ultimate-guitar.com/tab/1561735,World Music,1940
https://tabs.ultimate-guitar.com/tab/gipsy-kings/mujer-chords-1577338,World Music,1940
https://tabs.ultimate-guitar.com/tab/romeo-santos/eres-mia-chords-1678076,World Music,1940
https://tabs.ultimate-guitar.com/tab/buena-vista-social-club/y-tu-que-has-hecho-chords-471316,World Music,1940
https://tabs.ultimate-guitar.com/tab/buena-vista-social-club/orgullecida-chords-1534698,World Music,1940
https://tabs.ultimate-guitar.com/tab/julio-iglesias/el-choclo-chords-1595067,World Music,1940
https://tabs.ultimate-guitar.com/tab/don-omar/aunque-te-fuiste-chords-328848,World Music,1940
https://tabs.ultimate-guitar.com/tab/don-omar/dale-don-dale-chords-1539855,World Music,1940
https://tabs.ultimate-guitar.com/tab/nouvelle-vague/a-forest-chords-1778305,World Music,1940
https://tabs.ultimate-guitar.com/tab/caetano-veloso/sampa-chords-33772,World Music,1940
https://tabs.ultimate-guitar.com/tab/juan-de-la-cruz-band/inday-chords-1741159,World Music,1940
https://tabs.ultimate-guitar.com/tab/caetano-veloso/eleanor-rigby-chords-1403061,World Music,1940
https://tabs.ultimate-guitar.com/tab/julio-iglesias/el-dia-que-me-quieras-chords-1595068,World Music,1940
https://tabs.ultimate-guitar.com/tab/chubby-checker/limbo-rock-chords-1048940,World Music,1940
https://tabs.ultimate-guitar.com/tab/gipsy-kings/la-dona-chords-69630,World Music,1940
https://tabs.ultimate-guitar.com/tab/frank-sinatra/baubles-bangles-and-beads-chords-3107891,World Music,1940
https://tabs.ultimate-guitar.com/tab/caetano-veloso/tropicalia-chords-33774,World Music,1940
https://tabs.ultimate-guitar.com/tab/selena/la-carcacha-chords-1597874,World Music,1940
https://tabs.ultimate-guitar.com/tab/todd-rundgren/can-we-still-be-friends-chords-2963462,World Music,1940
https://tabs.ultimate-guitar.com/tab/todd-rundgren/hello-its-me-chords-1845812,World Music,1940
https://tabs.ultimate-guitar.com/tab/selena/dreaming-of-you-chords-2745903,World Music,1940
https://tabs.ultimate-guitar.com/tab/aventura/obsesion-chords-958201,World Music,1940
https://tabs.ultimate-guitar.com/tab/don-omar/cuentale-chords-331735,World Music,1940
https://tabs.ultimate-guitar.com/tab/caetano-veloso/alegria-alegria-chords-1193531,World Music,1940
https://tabs.ultimate-guitar.com/tab/nouvelle-vague/marian-chords-1845269,World Music,1940
https://tabs.ultimate-guitar.com/tab/1651172,World Music,1940
https://tabs.ultimate-guitar.com/tab/luis-miguel/la-media-vuelta-chords-383440,World Music,1940
https://tabs.ultimate-guitar.com/tab/luis-miguel/la-media-vuelta-chords-436005,World Music,1940
https://tabs.ultimate-guitar.com/tab/luis-miguel/la-media-vuelta-chords-2837639,World Music,1940
https://tabs.ultimate-guitar.com/tab/todd-rundgren/dream-goes-on-forever-chords-82313,World Music,1940
https://tabs.ultimate-guitar.com/tab/buena-vista-social-club/el-cuarto-de-tula-chords-1804594,World Music,1940
https://tabs.ultimate-guitar.com/tab/2839694,World Music,1940
https://tabs.ultimate-guitar.com/tab/romeo-santos/cancioncitas-de-amor-chords-1624873,World Music,1940
https://tabs.ultimate-guitar.com/tab/romeo-santos/cancioncitas-de-amor-chords-1624874,World Music,1940
https://tabs.ultimate-guitar.com/tab/1651168,World Music,1940
https://tabs.ultimate-guitar.com/tab/1651169,World Music,1940
https://tabs.ultimate-guitar.com/tab/prince-royce/dulce-chords-1651164,World Music,1940
https://tabs.ultimate-guitar.com/tab/prince-royce/dulce-chords-1651165,World Music,1940
https://tabs.ultimate-guitar.com/tab/prince-royce/te-me-vas-chords-1651184,World Music,1940
https://tabs.ultimate-guitar.com/tab/prince-royce/te-me-vas-chords-1651185,World Music,1940
https://tabs.ultimate-guitar.com/tab/selena/si-la-quieres-chords-1597881,World Music,1940
https://tabs.ultimate-guitar.com/tab/1597880,World Music,1940
https://tabs.ultimate-guitar.com/tab/1597882,World Music,1940
https://tabs.ultimate-guitar.com/tab/gipsy-kings/sin-ella-chords-1577348,World Music,1940
https://tabs.ultimate-guitar.com/tab/gipsy-kings/mi-vida-chords-1577336,World Music,1940
https://tabs.ultimate-guitar.com/tab/gipsy-kings/el-mauro-chords-69629,World Music,1940
https://tabs.ultimate-guitar.com/tab/selena/no-debes-jugar-chords-1597877,World Music,1940
https://tabs.ultimate-guitar.com/tab/selena/la-llamada-chords-1597876,World Music,1940
https://tabs.ultimate-guitar.com/tab/1557901,World Music,1940
https://tabs.ultimate-guitar.com/tab/1557902,World Music,1940
https://tabs.ultimate-guitar.com/tab/3008000,World Music,1940
https://tabs.ultimate-guitar.com/tab/caetano-veloso/a-luz-de-tieta-chords-1652547,World Music,1940
https://tabs.ultimate-guitar.com/tab/celia-cruz/te-busco-chords-3049708,World Music,1940
https://tabs.ultimate-guitar.com/tab/gipsy-kings/ruptura-chords-2200681,World Music,1940
https://tabs.ultimate-guitar.com/tab/gipsy-kings/princessa-chords-69640,World Music,1940
https://tabs.ultimate-guitar.com/tab/gipsy-kings/ciento-chords-69631,World Music,1940
https://tabs.ultimate-guitar.com/tab/gipsy-kings/solituda-chords-69638,World Music,1940
https://tabs.ultimate-guitar.com/tab/gipsy-kings/papa-no-pega-la-mama-chords-69642,World Music,1940
https://tabs.ultimate-guitar.com/tab/buena-vista-social-club/macusa-chords-1724080,World Music,1940
https://tabs.ultimate-guitar.com/tab/todd-rundgren/love-is-the-answer-chords-2565267,World Music,1940
https://tabs.ultimate-guitar.com/tab/julio-iglesias/volver-a-empezar-chords-1595119,World Music,1940
https://tabs.ultimate-guitar.com/tab/linda-ronstadt/rogaciano-el-huapanguero-chords-1555204,World Music,1940
https://tabs.ultimate-guitar.com/tab/linda-ronstadt/mi-ranchito-chords-1555203,World Music,1940
https://tabs.ultimate-guitar.com/tab/1555199,World Music,1940
https://tabs.ultimate-guitar.com/tab/linda-ronstadt/tata-dios-chords-1555205,World Music,1940
https://tabs.ultimate-guitar.com/tab/linda-ronstadt/el-crucifijo-de-piedra-chords-1555198,World Music,1940
https://tabs.ultimate-guitar.com/tab/seu-jorge/sao-gonca-chords-953484,World Music,1940
https://tabs.ultimate-guitar.com/tab/caetano-veloso/nao-enche-chords-1652580,World Music,1940
https://tabs.ultimate-guitar.com/tab/caetano-veloso/alexandre-chords-1652549,World Music,1940
https://tabs.ultimate-guitar.com/tab/luis-miguel/delirio-chords-1557751,World Music,1940
https://tabs.ultimate-guitar.com/tab/luis-miguel/delirio-chords-1557752,World Music,1940
https://tabs.ultimate-guitar.com/tab/caetano-veloso/vaca-profana-chords-1652593,World Music,1940
https://tabs.ultimate-guitar.com/tab/caetano-veloso/o-quereres-chords-2002827,World Music,1940
https://tabs.ultimate-guitar.com/tab/caetano-veloso/nature-boy-chords-3128447,World Music,1940
https://tabs.ultimate-guitar.com/tab/caetano-veloso/dom-de-iludir-chords-1652568,World Music,1940
https://tabs.ultimate-guitar.com/tab/romeo-santos/you-chords-1131977,World Music,1940
https://tabs.ultimate-guitar.com/tab/romeo-santos/magia-negra-chords-1624882,World Music,1940
https://tabs.ultimate-guitar.com/tab/romeo-santos/soberbio-chords-1624889,World Music,1940
https://tabs.ultimate-guitar.com/tab/1624878,World Music,1940
https://tabs.ultimate-guitar.com/tab/romeo-santos/la-bella-y-la-bestia-chords-1624877,World Music,1940
https://tabs.ultimate-guitar.com/tab/romeo-santos/mi-santa-chords-1624883,World Music,1940
https://tabs.ultimate-guitar.com/tab/romeo-santos/promise-chords-1123816,World Music,1940
https://tabs.ultimate-guitar.com/tab/sharon-cuneta/hagkan-chords-2249847,World Music,1940
https://tabs.ultimate-guitar.com/tab/sharon-cuneta/dyan-ka-mahusay-chords-2249843,World Music,1940
https://tabs.ultimate-guitar.com/tab/sharon-cuneta/i-swing-mo-ako-chords-1424425,World Music,1940
https://tabs.ultimate-guitar.com/tab/harry-belafonte/kingston-market-chords-1775290,World Music,1940
https://tabs.ultimate-guitar.com/tab/luis-miguel/solamente-una-vez-chords-1557904,World Music,1940
https://tabs.ultimate-guitar.com/tab/luis-miguel/todo-y-nada-chords-1557930,World Music,1940
https://tabs.ultimate-guitar.com/tab/1557733,World Music,1940
https://tabs.ultimate-guitar.com/tab/1901138,World Music,1940
https://tabs.ultimate-guitar.com/tab/1557951,World Music,1940
https://tabs.ultimate-guitar.com/tab/celia-cruz/rie-y-llora-chords-1657223,World Music,1940
https://tabs.ultimate-guitar.com/tab/nouvelle-vague/friday-night-saturday-morning-chords-866459,World Music,1940
https://tabs.ultimate-guitar.com/tab/nouvelle-vague/just-cant-get-enough-chords-1672963,World Music,1940
https://tabs.ultimate-guitar.com/tab/selena/ya-ves-chords-1597885,World Music,1940
https://tabs.ultimate-guitar.com/tab/caetano-veloso/beleza-pura-chords-1652559,World Music,1940
https://tabs.ultimate-guitar.com/tab/prince-royce/soy-el-mismo-chords-1651178,World Music,1940
https://tabs.ultimate-guitar.com/tab/prince-royce/soy-el-mismo-chords-1651179,World Music,1940
https://tabs.ultimate-guitar.com/tab/1651186,World Music,1940
https://tabs.ultimate-guitar.com/tab/prince-royce/you-are-fire-chords-1698611,World Music,1940
https://tabs.ultimate-guitar.com/tab/prince-royce/you-are-fire-chords-2631255,World Music,1940
https://tabs.ultimate-guitar.com/tab/prince-royce/me-encanta-chords-1651173,World Music,1940
https://tabs.ultimate-guitar.com/tab/1651188,World Music,1940
https://tabs.ultimate-guitar.com/tab/1561736,World Music,1940
https://tabs.ultimate-guitar.com/tab/marc-anthony/cautivo-de-este-amor-chords-1561725,World Music,1940
https://tabs.ultimate-guitar.com/tab/gipsy-kings/a-ti-a-ti-chords-1577319,World Music,1940
https://tabs.ultimate-guitar.com/tab/gipsy-kings/la-rumba-de-nicolas-chords-1577334,World Music,1940
https://tabs.ultimate-guitar.com/tab/caetano-veloso/carolina-chords-1652564,World Music,1940
https://tabs.ultimate-guitar.com/tab/caetano-veloso/vida-boa-chords-1652596,World Music,1940
https://tabs.ultimate-guitar.com/tab/linda-ronstadt/los-laureles-chords-1555202,World Music,1940
https://tabs.ultimate-guitar.com/tab/romeo-santos/necio-chords-1470538,World Music,1940
https://tabs.ultimate-guitar.com/tab/romeo-santos/odio-chords-1624884,World Music,1940
https://tabs.ultimate-guitar.com/tab/romeo-santos/odio-chords-1624885,World Music,1940
https://tabs.ultimate-guitar.com/tab/romeo-santos/odio-chords-1624886,World Music,1940
https://tabs.ultimate-guitar.com/tab/romeo-santos/hilito-chords-1774267,World Music,1940
https://tabs.ultimate-guitar.com/tab/romeo-santos/yo-tambien-chords-1820773,World Music,1940
https://tabs.ultimate-guitar.com/tab/caetano-veloso/so-in-love-chords-2100771,World Music,1940
https://tabs.ultimate-guitar.com/tab/caetano-veloso/cry-me-a-river-chords-3128453,World Music,1940
https://tabs.ultimate-guitar.com/tab/caetano-veloso/you-dont-know-me-chords-1982941,World Music,1940
https://tabs.ultimate-guitar.com/tab/marc-anthony/aguanile-chords-1831828,World Music,1940
https://tabs.ultimate-guitar.com/tab/marc-anthony/el-dia-de-mi-suerte-chords-907623,World Music,1940
https://tabs.ultimate-guitar.com/tab/buena-vista-social-club/de-camino-a-la-vereda-chords-1534695,World Music,1940
https://tabs.ultimate-guitar.com/tab/buena-vista-social-club/de-camino-a-la-vereda-chords-1786686,World Music,1940
https://tabs.ultimate-guitar.com/tab/buena-vista-social-club/y-tu-que-has-hecho-chords-2397727,World Music,1940
https://tabs.ultimate-guitar.com/tab/buena-vista-social-club/el-carretero-chords-471313,World Music,1940
https://tabs.ultimate-guitar.com/tab/buena-vista-social-club/amor-de-loca-juventud-chords-471296,World Music,1940
https://tabs.ultimate-guitar.com/tab/buena-vista-social-club/amor-de-loca-juventud-chords-3023546,World Music,1940
https://tabs.ultimate-guitar.com/tab/buena-vista-social-club/buena-vista-social-club-chords-471302,World Music,1940
https://tabs.ultimate-guitar.com/tab/buena-vista-social-club/la-bayamesa-chords-1534697,World Music,1940
https://tabs.ultimate-guitar.com/tab/buena-vista-social-club/silencio-chords-1534699,World Music,1940
https://tabs.ultimate-guitar.com/tab/1530072,World Music,1940
https://tabs.ultimate-guitar.com/tab/aventura/todavia-me-amas-chords-419345,World Music,1940
https://tabs.ultimate-guitar.com/tab/aventura/amor-de-madre-chords-419788,World Music,1940
https://tabs.ultimate-guitar.com/tab/1530062,World Music,1940
https://tabs.ultimate-guitar.com/tab/1542237,World Music,1940
https://tabs.ultimate-guitar.com/tab/gipsy-kings/como-siento-yo-chords-3128321,World Music,1940
https://tabs.ultimate-guitar.com/tab/gipsy-kings/amigo-chords-1116853,World Music,1940
https://tabs.ultimate-guitar.com/tab/gipsy-kings/como-ayer-chords-1496536,World Music,1940
https://tabs.ultimate-guitar.com/tab/gipsy-kings/petite-noya-chords-2514588,World Music,1940
https://tabs.ultimate-guitar.com/tab/nouvelle-vague/making-plans-for-nigel-chords-462421,World Music,1940
https://tabs.ultimate-guitar.com/tab/nouvelle-vague/making-plans-for-nigel-chords-1209915,World Music,1940
https://tabs.ultimate-guitar.com/tab/nouvelle-vague/making-plans-for-nigel-chords-1786091,World Music,1940
https://tabs.ultimate-guitar.com/tab/don-omar/tu-cuerpo-me-arrebata-chords-331737,World Music,1940
https://tabs.ultimate-guitar.com/tab/1652562,World Music,1940
https://tabs.ultimate-guitar.com/tab/nouvelle-vague/teenage-kicks-chords-415242,World Music,1940
https://tabs.ultimate-guitar.com/tab/nouvelle-vague/teenage-kicks-chords-1186346,World Music,1940
https://tabs.ultimate-guitar.com/tab/keziah-jones/long-distance-love-chords-3050167,World Music,1940
https://tabs.ultimate-guitar.com/tab/keziah-jones/blue-is-the-mind-chords-969009,World Music,1940
https://tabs.ultimate-guitar.com/tab/caetano-veloso/sampa-chords-2775100,World Music,1940
https://tabs.ultimate-guitar.com/tab/caetano-veloso/o-leaozinho-chords-1710198,World Music,1940
https://tabs.ultimate-guitar.com/tab/caetano-veloso/o-leaozinho-chords-2351625,World Music,1940
https://tabs.ultimate-guitar.com/tab/juan-de-la-cruz-band/kahit-na-anong-mangyari-chords-1156721,World Music,1940
https://tabs.ultimate-guitar.com/tab/juan-de-la-cruz-band/no-touch-chords-1248174,World Music,1940
https://tabs.ultimate-guitar.com/tab/juan-de-la-cruz-band/panahon-chords-1691363,World Music,1940
https://tabs.ultimate-guitar.com/tab/caetano-veloso/queixa-chords-1652585,World Music,1940
https://tabs.ultimate-guitar.com/tab/caetano-veloso/trem-das-cores-chords-33773,World Music,1940
https://tabs.ultimate-guitar.com/tab/caetano-veloso/meu-bem-meu-mal-chords-1652576,World Music,1940
https://tabs.ultimate-guitar.com/tab/romeo-santos/rival-chords-1624887,World Music,1940
https://tabs.ultimate-guitar.com/tab/romeo-santos/rival-chords-1624888,World Music,1940
https://tabs.ultimate-guitar.com/tab/astor-piazzolla/fuga-y-misterio-chords-1529546,World Music,1940
https://tabs.ultimate-guitar.com/tab/julio-iglesias/caminito-chords-1786693,World Music,1940
https://tabs.ultimate-guitar.com/tab/gipsy-kings/campesino-chords-1577322,World Music,1940
https://tabs.ultimate-guitar.com/tab/gipsy-kings/pajarito-chords-1577343,World Music,1940
https://tabs.ultimate-guitar.com/tab/a-r-rahman/challa-chords-1192451,World Music,1940
https://tabs.ultimate-guitar.com/tab/todd-rundgren/i-saw-the-light-chords-1014901,World Music,1940
https://tabs.ultimate-guitar.com/tab/todd-rundgren/i-saw-the-light-chords-2339495,World Music,1940
https://tabs.ultimate-guitar.com/tab/todd-rundgren/i-saw-the-light-chords-2849717,World Music,1940
https://tabs.ultimate-guitar.com/tab/jesse-cook/it-aint-me-babe-chords-716107,World Music,1940
https://tabs.ultimate-guitar.com/tab/seu-jorge/te-queria-chords-1744987,World Music,1940
https://tabs.ultimate-guitar.com/tab/jesse-cook/early-on-tuesday-chords-3003518,World Music,1940
https://tabs.ultimate-guitar.com/tab/frank-sinatra/quiet-nights-of-quiet-stars-corcovado-chords-3102761,World Music,1940
https://tabs.ultimate-guitar.com/tab/selena/tus-desprecios-chords-2489907,World Music,1940
https://tabs.ultimate-guitar.com/tab/selena/tus-desprecios-chords-2678067,World Music,1940
https://tabs.ultimate-guitar.com/tab/selena/tus-desprecios-chords-2678064,World Music,1940
https://tabs.ultimate-guitar.com/tab/selena/cobarde-chords-1597873,World Music,1940
https://tabs.ultimate-guitar.com/tab/selena/la-carcacha-chords-1597875,World Music,1940
https://tabs.ultimate-guitar.com/tab/selena/si-una-vez-chords-572844,World Music,1940
https://tabs.ultimate-guitar.com/tab/selena/si-una-vez-chords-1481486,World Music,1940
https://tabs.ultimate-guitar.com/tab/selena/como-la-flor-chords-2614812,World Music,1940
https://tabs.ultimate-guitar.com/tab/jesse-cook/fall-at-your-feet-chords-1758739,World Music,1940
https://tabs.ultimate-guitar.com/tab/selena/amor-prohibido-chords-572843,World Music,1940
https://tabs.ultimate-guitar.com/tab/1597879,World Music,1940
https://tabs.ultimate-guitar.com/tab/selena/el-chico-del-apartamento-512-chords-572849,World Music,1940
https://tabs.ultimate-guitar.com/tab/selena/ya-no-chords-1597884,World Music,1940
https://tabs.ultimate-guitar.com/tab/aventura/la-guerra-chords-1530068,World Music,1940
https://tabs.ultimate-guitar.com/tab/1597883,World Music,1940
https://tabs.ultimate-guitar.com/tab/todd-rundgren/can-we-still-be-friends-chords-2891903,World Music,1940
https://tabs.ultimate-guitar.com/tab/selena/dreaming-of-you-chords-1109249,World Music,1940
https://tabs.ultimate-guitar.com/tab/caetano-veloso/valsa-de-uma-cidade-chords-33776,World Music,1940
https://tabs.ultimate-guitar.com/tab/1530089,World Music,1940
https://tabs.ultimate-guitar.com/tab/aventura/un-chichi-chords-1530098,World Music,1940
https://tabs.ultimate-guitar.com/tab/aventura/un-chichi-chords-1542242,World Music,1940
https://tabs.ultimate-guitar.com/tab/1530070,World Music,1940
https://tabs.ultimate-guitar.com/tab/aventura/our-song-chords-1530087,World Music,1940
https://tabs.ultimate-guitar.com/tab/aventura/ella-y-yo-chords-1530059,World Music,1940
https://tabs.ultimate-guitar.com/tab/aventura/ella-y-yo-chords-1542235,World Music,1940
https://tabs.ultimate-guitar.com/tab/aventura/ciego-de-amor-chords-1530052,World Music,1940
https://tabs.ultimate-guitar.com/tab/aventura/cuando-volveras-chords-1195516,World Music,1940
https://tabs.ultimate-guitar.com/tab/aventura/cuando-volveras-chords-1747040,World Music,1940
https://tabs.ultimate-guitar.com/tab/aventura/alexandra-chords-1530048,World Music,1940
https://tabs.ultimate-guitar.com/tab/aventura/la-novelita-chords-1530071,World Music,1940
https://tabs.ultimate-guitar.com/tab/aventura/dime-si-te-gusto-chords-1195501,World Music,1940
https://tabs.ultimate-guitar.com/tab/aventura/un-poeta-enamorado-chords-1530099,World Music,1940
https://tabs.ultimate-guitar.com/tab/aventura/im-sorry-chords-1530065,World Music,1940
https://tabs.ultimate-guitar.com/tab/aventura/deja-vu-chords-1530056,World Music,1940
https://tabs.ultimate-guitar.com/tab/aventura/me-voy-chords-1530078,World Music,1940
https://tabs.ultimate-guitar.com/tab/aventura/te-invito-chords-1530096,World Music,1940
https://tabs.ultimate-guitar.com/tab/don-omar/conteo-chords-1539854,World Music,1940
https://tabs.ultimate-guitar.com/tab/don-omar/tu-no-sabes-chords-406502,World Music,1940
https://tabs.ultimate-guitar.com/tab/1539866,World Music,1940
https://tabs.ultimate-guitar.com/tab/don-omar/angelito-chords-451743,World Music,1940
https://tabs.ultimate-guitar.com/tab/don-omar/angelito-chords-1544467,World Music,1940
https://tabs.ultimate-guitar.com/tab/don-omar/angelito-chords-1544468,World Music,1940
https://tabs.ultimate-guitar.com/tab/1539864,World Music,1940
https://tabs.ultimate-guitar.com/tab/1544470,World Music,1940
https://tabs.ultimate-guitar.com/tab/1544471,World Music,1940
https://tabs.ultimate-guitar.com/tab/harry-belafonte/jamaica-farewell-chords-1956693,World Music,1940
https://tabs.ultimate-guitar.com/tab/harry-belafonte/man-smart-woman-smarter-chords-1872303,World Music,1940
https://tabs.ultimate-guitar.com/tab/seu-jorge/carolina-chords-1733515,World Music,1940
https://tabs.ultimate-guitar.com/tab/astor-piazzolla/balada-para-un-loco-chords-1529545,World Music,1940
https://tabs.ultimate-guitar.com/tab/astor-piazzolla/balada-para-un-loco-chords-1542107,World Music,1940
https://tabs.ultimate-guitar.com/tab/nouvelle-vague/in-a-manner-of-speaking-chords-1002999,World Music,1940
https://tabs.ultimate-guitar.com/tab/nouvelle-vague/in-a-manner-of-speaking-chords-1194733,World Music,1940
https://tabs.ultimate-guitar.com/tab/nouvelle-vague/in-a-manner-of-speaking-chords-1793653,World Music,1940
https://tabs.ultimate-guitar.com/tab/aventura/a-veves-quiero-llorar-chords-1530046,World Music,1940
https://tabs.ultimate-guitar.com/tab/aventura/a-veves-quiero-llorar-chords-1542231,World Music,1940
https://tabs.ultimate-guitar.com/tab/aventura/mi-hermanita-chords-1530079,World Music,1940
https://tabs.ultimate-guitar.com/tab/gipsy-kings/mi-cafe-chords-2342283,World Music,1940
